gameId,period,scoreHome,scoreAway,home_wins,home_losses,home_won,home_games_played,away_wins,away_losses,away_games_played,playoffs,scoreDifferential,home_team_fouls_period,away_team_fouls_period,home_in_penalty,away_in_penalty,home_possession,home_timeouts_remaining,away_timeouts_remaining,is_overtime,time_elapsed,time_remaining,score_time_relationship,home_win_pct,away_win_pct,win_pct_diff,home_shrunk_win_pct,away_shrunk_win_pct,shrunk_win_pct_diff,home_win_probability
0042500404,1,0,0,2,1,1,3,1,2,3,1,0,0,0,0,0,,7,7,0,0.0,2880.0,0.0,0.6666667,0.33333334,0.33333334,0.53846157,0.46153846,0.07692308,0.5976801
0042500404,1,0,0,2,1,1,3,1,2,3,1,0,0,0,0,0,,7,7,0,0.0,2880.0,0.0,0.6666667,0.33333334,0.33333334,0.53846157,0.46153846,0.07692308,0.5976801
0042500404,1,0,0,2,1,1,3,1,2,3,1,0,1,0,0,0,0.0,7,7,0,18.0,2862.0,0.0,0.6666667,0.33333334,0.33333334,0.53846157,0.46153846,0.07692308,0.5973419
0042500404,1,0,1,2,1,1,3,1,2,3,1,-1,1,0,0,0,0.0,7,7,0,18.0,2862.0,-0.01868914,0.6666667,0.33333334,0.33333334,0.53846157,0.46153846,0.07692308,0.5871159
0042500404,1,0,2,2,1,1,3,1,2,3,1,-2,1,0,0,0,1.0,7,7,0,18.0,2862.0,-0.03737828,0.6666667,0.33333334,0.33333334,0.53846157,0.46153846,0.07692308,0.5786992
0042500404,1,2,2,2,1,1,3,1,2,3,1,0,1,0,0,0,0.0,7,7,0,39.0,2841.0,0.0,0.6666667,0.33333334,0.33333334,0.53846157,0.46153846,0.07692308,0.5975243
0042500404,1,2,5,2,1,1,3,1,2,3,1,-3,1,0,0,0,1.0,7,7,0,51.0,2829.0,-0.05639337,0.6666667,0.33333334,0.33333334,0.53846157,0.46153846,0.07692308,0.56686777
0042500404,1,2,5,2,1,1,3,1,2,3,1,-3,1,0,0,0,1.0,7,7,0,62.0,2818.0,-0.05650329,0.6666667,0.33333334,0.33333334,0.53846157,0.46153846,0.07692308,0.5668393
0042500404,1,2,5,2,1,1,3,1,2,3,1,-3,1,0,0,0,0.0,7,7,0,62.0,2818.0,-0.05650329,0.6666667,0.33333334,0.33333334,0.53846157,0.46153846,0.07692308,0.56524456
0042500404,1,2,5,2,1,1,3,1,2,3,1,-3,1,0,0,0,0.0,7,6,0,62.0,2818.0,-0.05650329,0.6666667,0.33333334,0.33333334,0.53846157,0.46153846,0.07692308,0.59199166
0042500404,1,2,5,2,1,1,3,1,2,3,1,-3,1,0,0,0,0.0,7,6,0,62.0,2818.0,-0.05650329,0.6666667,0.33333334,0.33333334,0.53846157,0.46153846,0.07692308,0.59199166
0042500404,1,2,5,2,1,1,3,1,2,3,1,-3,1,0,0,0,0.0,7,6,0,62.0,2818.0,-0.05650329,0.6666667,0.33333334,0.33333334,0.53846157,0.46153846,0.07692308,0.59199166
0042500404,1,2,7,2,1,1,3,1,2,3,1,-5,1,0,0,0,1.0,7,6,0,78.0,2802.0,-0.09444054,0.6666667,0.33333334,0.33333334,0.53846157,0.46153846,0.07692308,0.5646428
0042500404,1,2,7,2,1,1,3,1,2,3,1,-5,1,0,0,0,1.0,7,6,0,88.0,2792.0,-0.094609454,0.6666667,0.33333334,0.33333334,0.53846157,0.46153846,0.07692308,0.5644476
0042500404,1,2,7,2,1,1,3,1,2,3,1,-5,1,0,0,0,0.0,7,6,0,90.0,2790.0,-0.09464335,0.6666667,0.33333334,0.33333334,0.53846157,0.46153846,0.07692308,0.5732664
0042500404,1,2,7,2,1,1,3,1,2,3,1,-5,1,0,0,0,0.0,7,6,0,94.0,2786.0,-0.09471124,0.6666667,0.33333334,0.33333334,0.53846157,0.46153846,0.07692308,0.5731421
0042500404,1,2,7,2,1,1,3,1,2,3,1,-5,1,0,0,0,1.0,7,6,0,97.0,2783.0,-0.09476226,0.6666667,0.33333334,0.33333334,0.53846157,0.46153846,0.07692308,0.56427175
0042500404,1,2,7,2,1,1,3,1,2,3,1,-5,1,0,0,0,1.0,7,6,0,105.0,2775.0,-0.0948987,0.6666667,0.33333334,0.33333334,0.53846157,0.46153846,0.07692308,0.5641152
0042500404,1,2,7,2,1,1,3,1,2,3,1,-5,1,0,0,0,0.0,7,6,0,107.0,2773.0,-0.09493291,0.6666667,0.33333334,0.33333334,0.53846157,0.46153846,0.07692308,0.572738
0042500404,1,2,7,2,1,1,3,1,2,3,1,-5,1,0,0,0,0.0,7,6,0,114.0,2766.0,-0.09505291,0.6666667,0.33333334,0.33333334,0.53846157,0.46153846,0.07692308,0.5724949
0042500404,1,2,7,2,1,1,3,1,2,3,1,-5,1,0,0,0,1.0,7,6,0,116.0,2764.0,-0.09508728,0.6666667,0.33333334,0.33333334,0.53846157,0.46153846,0.07692308,0.5638999
0042500404,1,2,7,2,1,1,3,1,2,3,1,-5,1,0,0,0,1.0,7,6,0,128.0,2752.0,-0.0952943,0.6666667,0.33333334,0.33333334,0.53846157,0.46153846,0.07692308,0.56366456
0042500404,1,2,7,2,1,1,3,1,2,3,1,-5,1,0,0,0,0.0,7,6,0,132.0,2748.0,-0.0953636,0.6666667,0.33333334,0.33333334,0.53846157,0.46153846,0.07692308,0.5718548
0042500404,1,2,10,2,1,1,3,1,2,3,1,-8,1,0,0,0,1.0,7,6,0,146.0,2734.0,-0.15297177,0.6666667,0.33333334,0.33333334,0.53846157,0.46153846,0.07692308,0.5286418
0042500404,1,2,10,2,1,1,3,1,2,3,1,-8,1,0,0,0,0.0,7,6,0,160.0,2720.0,-0.1533648,0.6666667,0.33333334,0.33333334,0.53846157,0.46153846,0.07692308,0.53709424
0042500404,1,2,10,2,1,1,3,1,2,3,1,-8,1,0,0,0,0.0,7,6,0,160.0,2720.0,-0.1533648,0.6666667,0.33333334,0.33333334,0.53846157,0.46153846,0.07692308,0.53709424
0042500404,1,2,12,2,1,1,3,1,2,3,1,-10,1,0,0,0,1.0,7,6,0,163.0,2717.0,-0.19181179,0.6666667,0.33333334,0.33333334,0.53846157,0.46153846,0.07692308,0.5082413
0042500404,1,2,12,2,1,1,3,1,2,3,1,-10,1,0,0,0,1.0,6,6,0,164.0,2716.0,-0.19184707,0.6666667,0.33333334,0.33333334,0.53846157,0.46153846,0.07692308,0.475637
0042500404,1,2,12,2,1,1,3,1,2,3,1,-10,1,0,0,0,1.0,6,6,0,178.0,2702.0,-0.19234326,0.6666667,0.33333334,0.33333334,0.53846157,0.46153846,0.07692308,0.47498924
0042500404,1,2,12,2,1,1,3,1,2,3,1,-10,1,0,0,0,1.0,6,6,0,179.0,2701.0,-0.19237885,0.6666667,0.33333334,0.33333334,0.53846157,0.46153846,0.07692308,0.47494286
0042500404,1,2,12,2,1,1,3,1,2,3,1,-10,1,0,0,0,1.0,6,6,0,179.0,2701.0,-0.19237885,0.6666667,0.33333334,0.33333334,0.53846157,0.46153846,0.07692308,0.47494286
0042500404,1,2,12,2,1,1,3,1,2,3,1,-10,1,0,0,0,1.0,6,6,0,181.0,2699.0,-0.19245009,0.6666667,0.33333334,0.33333334,0.53846157,0.46153846,0.07692308,0.47485027
0042500404,1,2,12,2,1,1,3,1,2,3,1,-10,1,0,0,0,1.0,6,6,0,181.0,2699.0,-0.19245009,0.6666667,0.33333334,0.33333334,0.53846157,0.46153846,0.07692308,0.47485027
0042500404,1,2,12,2,1,1,3,1,2,3,1,-10,1,0,0,0,1.0,6,6,0,184.0,2696.0,-0.1925571,0.6666667,0.33333334,0.33333334,0.53846157,0.46153846,0.07692308,0.4747113
0042500404,1,5,12,2,1,1,3,1,2,3,1,-7,1,0,0,0,0.0,6,6,0,188.0,2692.0,-0.13489003,0.6666667,0.33333334,0.33333334,0.53846157,0.46153846,0.07692308,0.5105341
0042500404,1,5,14,2,1,1,3,1,2,3,1,-9,1,0,0,0,1.0,6,6,0,207.0,2673.0,-0.1740451,0.6666667,0.33333334,0.33333334,0.53846157,0.46153846,0.07692308,0.4857792
0042500404,1,5,14,2,1,1,3,1,2,3,1,-9,1,1,0,0,1.0,6,6,0,214.0,2666.0,-0.17427336,0.6666667,0.33333334,0.33333334,0.53846157,0.46153846,0.07692308,0.4812788
0042500404,1,6,14,2,1,1,3,1,2,3,1,-8,1,1,0,0,1.0,6,6,0,214.0,2666.0,-0.15490966,0.6666667,0.33333334,0.33333334,0.53846157,0.46153846,0.07692308,0.49192864
0042500404,1,7,14,2,1,1,3,1,2,3,1,-7,1,1,0,0,0.0,6,6,0,214.0,2666.0,-0.13554594,0.6666667,0.33333334,0.33333334,0.53846157,0.46153846,0.07692308,0.5050165
0042500404,1,7,14,2,1,1,3,1,2,3,1,-7,1,1,0,0,0.0,6,6,0,232.0,2648.0,-0.13600568,0.6666667,0.33333334,0.33333334,0.53846157,0.46153846,0.07692308,0.5044435
0042500404,1,7,14,2,1,1,3,1,2,3,1,-7,1,1,0,0,1.0,6,6,0,235.0,2645.0,-0.13608277,0.6666667,0.33333334,0.33333334,0.53846157,0.46153846,0.07692308,0.4992573
0042500404,1,9,14,2,1,1,3,1,2,3,1,-5,1,1,0,0,1.0,6,6,0,238.0,2642.0,-0.09725712,0.6666667,0.33333334,0.33333334,0.53846157,0.46153846,0.07692308,0.5175901
0042500404,1,9,14,2,1,1,3,1,2,3,1,-5,1,2,0,0,1.0,6,6,0,238.0,2642.0,-0.09725712,0.6666667,0.33333334,0.33333334,0.53846157,0.46153846,0.07692308,0.51235735
0042500404,1,9,14,2,1,1,3,1,2,3,1,-5,1,2,0,0,1.0,6,6,0,238.0,2642.0,-0.09725712,0.6666667,0.33333334,0.33333334,0.53846157,0.46153846,0.07692308,0.51235735
0042500404,1,10,14,2,1,1,3,1,2,3,1,-4,1,2,0,0,0.0,6,6,0,238.0,2642.0,-0.0778057,0.6666667,0.33333334,0.33333334,0.53846157,0.46153846,0.07692308,0.5330961
0042500404,1,10,14,2,1,1,3,1,2,3,1,-4,2,2,0,0,0.0,6,6,0,249.0,2631.0,-0.07796812,0.6666667,0.33333334,0.33333334,0.53846157,0.46153846,0.07692308,0.531828
0042500404,1,10,16,2,1,1,3,1,2,3,1,-6,2,2,0,0,1.0,6,6,0,263.0,2617.0,-0.117264464,0.6666667,0.33333334,0.33333334,0.53846157,0.46153846,0.07692308,0.50210124
0042500404,1,10,16,2,1,1,3,1,2,3,1,-6,2,2,0,0,1.0,6,6,0,284.0,2596.0,-0.11773763,0.6666667,0.33333334,0.33333334,0.53846157,0.46153846,0.07692308,0.50165045
0042500404,1,10,16,2,1,1,3,1,2,3,1,-6,2,2,0,0,0.0,6,6,0,286.0,2594.0,-0.11778299,0.6666667,0.33333334,0.33333334,0.53846157,0.46153846,0.07692308,0.5092436
0042500404,1,10,19,2,1,1,3,1,2,3,1,-9,2,2,0,0,1.0,6,6,0,301.0,2579.0,-0.17718732,0.6666667,0.33333334,0.33333334,0.53846157,0.46153846,0.07692308,0.47409654
0042500404,1,10,19,2,1,1,3,1,2,3,1,-9,2,2,0,0,1.0,6,6,0,331.0,2549.0,-0.17822656,0.6666667,0.33333334,0.33333334,0.53846157,0.46153846,0.07692308,0.47269207
0042500404,1,10,19,2,1,1,3,1,2,3,1,-9,2,2,0,0,0.0,6,6,0,333.0,2547.0,-0.17829649,0.6666667,0.33333334,0.33333334,0.53846157,0.46153846,0.07692308,0.4628696
0042500404,1,10,22,2,1,1,3,1,2,3,1,-12,2,2,0,0,1.0,6,6,0,339.0,2541.0,-0.23800905,0.6666667,0.33333334,0.33333334,0.53846157,0.46153846,0.07692308,0.4199189
0042500404,1,10,22,2,1,1,3,1,2,3,1,-12,2,3,0,0,1.0,6,6,0,355.0,2525.0,-0.23876165,0.6666667,0.33333334,0.33333334,0.53846157,0.46153846,0.07692308,0.41478148
0042500404,1,11,22,2,1,1,3,1,2,3,1,-11,2,3,0,0,1.0,6,6,0,355.0,2525.0,-0.21886484,0.6666667,0.33333334,0.33333334,0.53846157,0.46153846,0.07692308,0.43412447
0042500404,1,11,22,2,1,1,3,1,2,3,1,-11,2,3,0,0,1.0,6,6,0,355.0,2525.0,-0.21886484,0.6666667,0.33333334,0.33333334,0.53846157,0.46153846,0.07692308,0.43412447
0042500404,1,11,22,2,1,1,3,1,2,3,1,-11,2,3,0,0,1.0,6,6,0,355.0,2525.0,-0.21886484,0.6666667,0.33333334,0.33333334,0.53846157,0.46153846,0.07692308,0.43412447
0042500404,1,11,22,2,1,1,3,1,2,3,1,-11,2,3,0,0,1.0,6,6,0,355.0,2525.0,-0.21886484,0.6666667,0.33333334,0.33333334,0.53846157,0.46153846,0.07692308,0.43412447
0042500404,1,11,22,2,1,1,3,1,2,3,1,-11,2,3,0,0,1.0,6,6,0,355.0,2525.0,-0.21886484,0.6666667,0.33333334,0.33333334,0.53846157,0.46153846,0.07692308,0.43412447
0042500404,1,12,22,2,1,1,3,1,2,3,1,-10,2,3,0,0,0.0,6,6,0,355.0,2525.0,-0.19896804,0.6666667,0.33333334,0.33333334,0.53846157,0.46153846,0.07692308,0.43878838
0042500404,1,12,25,2,1,1,3,1,2,3,1,-13,2,3,0,0,1.0,6,6,0,369.0,2511.0,-0.25937822,0.6666667,0.33333334,0.33333334,0.53846157,0.46153846,0.07692308,0.39416364
0042500404,1,14,25,2,1,1,3,1,2,3,1,-11,2,3,0,0,0.0,6,6,0,393.0,2487.0,-0.22052991,0.6666667,0.33333334,0.33333334,0.53846157,0.46153846,0.07692308,0.41442022
0042500404,1,14,25,2,1,1,3,1,2,3,1,-11,2,3,0,0,0.0,6,6,0,405.0,2475.0,-0.22106366,0.6666667,0.33333334,0.33333334,0.53846157,0.46153846,0.07692308,0.4133055
0042500404,1,14,25,2,1,1,3,1,2,3,1,-11,2,3,0,0,1.0,6,6,0,407.0,2473.0,-0.221153,0.6666667,0.33333334,0.33333334,0.53846157,0.46153846,0.07692308,0.42958087
0042500404,1,14,25,2,1,1,3,1,2,3,1,-11,2,3,0,0,1.0,6,6,0,419.0,2461.0,-0.22169131,0.6666667,0.33333334,0.33333334,0.53846157,0.46153846,0.07692308,0.42853066
0042500404,1,14,25,2,1,1,3,1,2,3,1,-11,2,3,0,0,1.0,6,6,0,419.0,2461.0,-0.22169131,0.6666667,0.33333334,0.33333334,0.53846157,0.46153846,0.07692308,0.42853066
0042500404,1,14,25,2,1,1,3,1,2,3,1,-11,2,3,0,0,0.0,6,6,0,422.0,2458.0,-0.2218265,0.6666667,0.33333334,0.33333334,0.53846157,0.46153846,0.07692308,0.41172493
0042500404,1,14,27,2,1,1,3,1,2,3,1,-13,2,3,0,0,1.0,6,6,0,427.0,2453.0,-0.2624255,0.6666667,0.33333334,0.33333334,0.53846157,0.46153846,0.07692308,0.38888106
0042500404,1,17,27,2,1,1,3,1,2,3,1,-10,2,3,0,0,0.0,6,6,0,440.0,2440.0,-0.2024026,0.6666667,0.33333334,0.33333334,0.53846157,0.46153846,0.07692308,0.43185025
0042500404,1,17,27,2,1,1,3,1,2,3,1,-10,3,3,0,0,0.0,6,6,0,457.0,2423.0,-0.20311111,0.6666667,0.33333334,0.33333334,0.53846157,0.46153846,0.07692308,0.43063015
0042500404,1,17,27,2,1,1,3,1,2,3,1,-10,3,3,0,0,0.0,6,6,0,457.0,2423.0,-0.20311111,0.6666667,0.33333334,0.33333334,0.53846157,0.46153846,0.07692308,0.43063015
0042500404,1,17,27,2,1,1,3,1,2,3,1,-10,3,3,0,0,0.0,6,6,0,457.0,2423.0,-0.20311111,0.6666667,0.33333334,0.33333334,0.53846157,0.46153846,0.07692308,0.43063015
0042500404,1,17,27,2,1,1,3,1,2,3,1,-10,3,3,0,0,0.0,6,6,0,457.0,2423.0,-0.20311111,0.6666667,0.33333334,0.33333334,0.53846157,0.46153846,0.07692308,0.43063015
0042500404,1,17,27,2,1,1,3,1,2,3,1,-10,3,3,0,0,0.0,6,6,0,457.0,2423.0,-0.20311111,0.6666667,0.33333334,0.33333334,0.53846157,0.46153846,0.07692308,0.43063015
0042500404,1,17,30,2,1,1,3,1,2,3,1,-13,3,3,0,0,1.0,6,6,0,465.0,2415.0,-0.26448125,0.6666667,0.33333334,0.33333334,0.53846157,0.46153846,0.07692308,0.3828514
0042500404,1,17,30,2,1,1,3,1,2,3,1,-13,3,4,0,0,1.0,6,6,0,481.0,2399.0,-0.2653614,0.6666667,0.33333334,0.33333334,0.53846157,0.46153846,0.07692308,0.37882456
0042500404,1,17,30,2,1,1,3,1,2,3,1,-13,3,4,0,0,1.0,6,6,0,481.0,2399.0,-0.2653614,0.6666667,0.33333334,0.33333334,0.53846157,0.46153846,0.07692308,0.37882456
0042500404,1,17,30,2,1,1,3,1,2,3,1,-13,3,4,0,0,1.0,6,6,0,481.0,2399.0,-0.2653614,0.6666667,0.33333334,0.33333334,0.53846157,0.46153846,0.07692308,0.37882456
0042500404,1,17,30,2,1,1,3,1,2,3,1,-13,3,4,0,0,1.0,6,6,0,481.0,2399.0,-0.2653614,0.6666667,0.33333334,0.33333334,0.53846157,0.46153846,0.07692308,0.37882456
0042500404,1,17,30,2,1,1,3,1,2,3,1,-13,3,4,0,0,0.0,6,6,0,483.0,2397.0,-0.26547202,0.6666667,0.33333334,0.33333334,0.53846157,0.46153846,0.07692308,0.35519713
0042500404,1,17,30,2,1,1,3,1,2,3,1,-13,3,4,0,0,0.0,6,6,0,496.0,2384.0,-0.26619455,0.6666667,0.33333334,0.33333334,0.53846157,0.46153846,0.07692308,0.35402414
0042500404,1,17,30,2,1,1,3,1,2,3,1,-13,3,4,0,0,0.0,6,6,0,496.0,2384.0,-0.26619455,0.6666667,0.33333334,0.33333334,0.53846157,0.46153846,0.07692308,0.35402414
0042500404,1,17,30,2,1,1,3,1,2,3,1,-13,3,4,0,0,1.0,6,6,0,498.0,2382.0,-0.26630622,0.6666667,0.33333334,0.33333334,0.53846157,0.46153846,0.07692308,0.37724823
0042500404,1,17,30,2,1,1,3,1,2,3,1,-13,3,4,0,0,0.0,6,6,0,507.0,2373.0,-0.26681054,0.6666667,0.33333334,0.33333334,0.53846157,0.46153846,0.07692308,0.3530311
0042500404,1,17,30,2,1,1,3,1,2,3,1,-13,3,4,0,0,0.0,6,6,0,507.0,2373.0,-0.26681054,0.6666667,0.33333334,0.33333334,0.53846157,0.46153846,0.07692308,0.3530311
0042500404,1,17,30,2,1,1,3,1,2,3,1,-13,3,4,0,0,0.0,6,6,0,508.0,2372.0,-0.26686677,0.6666667,0.33333334,0.33333334,0.53846157,0.46153846,0.07692308,0.35294077
0042500404,1,17,30,2,1,1,3,1,2,3,1,-13,3,4,0,0,0.0,6,6,0,508.0,2372.0,-0.26686677,0.6666667,0.33333334,0.33333334,0.53846157,0.46153846,0.07692308,0.35294077
0042500404,1,17,30,2,1,1,3,1,2,3,1,-13,3,4,0,0,0.0,6,6,0,508.0,2372.0,-0.26686677,0.6666667,0.33333334,0.33333334,0.53846157,0.46153846,0.07692308,0.35294077
0042500404,1,17,30,2,1,1,3,1,2,3,1,-13,4,4,0,0,0.0,6,6,0,508.0,2372.0,-0.26686677,0.6666667,0.33333334,0.33333334,0.53846157,0.46153846,0.07692308,0.3491572
0042500404,1,17,30,2,1,1,3,1,2,3,1,-13,4,4,0,0,0.0,6,6,0,521.0,2359.0,-0.26760077,0.6666667,0.33333334,0.33333334,0.53846157,0.46153846,0.07692308,0.34783703
0042500404,1,17,30,2,1,1,3,1,2,3,1,-13,4,4,0,0,0.0,6,6,0,523.0,2357.0,-0.26771423,0.6666667,0.33333334,0.33333334,0.53846157,0.46153846,0.07692308,0.34763393
0042500404,1,17,32,2,1,1,3,1,2,3,1,-15,4,4,0,0,1.0,6,6,0,523.0,2357.0,-0.30890104,0.6666667,0.33333334,0.33333334,0.53846157,0.46153846,0.07692308,0.32749596
0042500404,1,17,32,2,1,1,3,1,2,3,1,-15,4,5,0,1,1.0,6,6,0,547.0,2333.0,-0.31048515,0.6666667,0.33333334,0.33333334,0.53846157,0.46153846,0.07692308,0.31565812
0042500404,1,18,32,2,1,1,3,1,2,3,1,-14,4,5,0,1,1.0,6,6,0,547.0,2333.0,-0.28978613,0.6666667,0.33333334,0.33333334,0.53846157,0.46153846,0.07692308,0.33751026
0042500404,1,18,32,2,1,1,3,1,2,3,1,-14,4,5,0,1,1.0,6,6,0,547.0,2333.0,-0.28978613,0.6666667,0.33333334,0.33333334,0.53846157,0.46153846,0.07692308,0.33751026
0042500404,1,19,32,2,1,1,3,1,2,3,1,-13,4,5,0,1,0.0,6,6,0,547.0,2333.0,-0.26908714,0.6666667,0.33333334,0.33333334,0.53846157,0.46153846,0.07692308,0.33748853
0042500404,1,19,34,2,1,1,3,1,2,3,1,-15,4,5,0,1,1.0,6,6,0,571.0,2309.0,-0.31209388,0.6666667,0.33333334,0.33333334,0.53846157,0.46153846,0.07692308,0.31363434
0042500404,1,19,34,2,1,1,3,1,2,3,1,-15,4,5,0,1,1.0,6,6,0,585.0,2295.0,-0.31304395,0.6666667,0.33333334,0.33333334,0.53846157,0.46153846,0.07692308,0.31245273
0042500404,1,20,34,2,1,1,3,1,2,3,1,-14,4,5,0,1,1.0,6,6,0,585.0,2295.0,-0.29217437,0.6666667,0.33333334,0.33333334,0.53846157,0.46153846,0.07692308,0.33425623
0042500404,1,20,34,2,1,1,3,1,2,3,1,-14,4,5,0,1,1.0,6,6,0,585.0,2295.0,-0.29217437,0.6666667,0.33333334,0.33333334,0.53846157,0.46153846,0.07692308,0.33425623
0042500404,1,20,34,2,1,1,3,1,2,3,1,-14,4,5,0,1,1.0,6,6,0,585.0,2295.0,-0.29217437,0.6666667,0.33333334,0.33333334,0.53846157,0.46153846,0.07692308,0.33425623
0042500404,1,20,34,2,1,1,3,1,2,3,1,-14,4,5,0,1,1.0,6,6,0,595.0,2285.0,-0.2928127,0.6666667,0.33333334,0.33333334,0.53846157,0.46153846,0.07692308,0.3333988
0042500404,1,20,34,2,1,1,3,1,2,3,1,-14,4,5,0,1,0.0,6,6,0,598.0,2282.0,-0.29300502,0.6666667,0.33333334,0.33333334,0.53846157,0.46153846,0.07692308,0.30716956
0042500404,1,20,34,2,1,1,3,1,2,3,1,-14,4,5,0,1,0.0,6,6,0,610.0,2270.0,-0.29377812,0.6666667,0.33333334,0.33333334,0.53846157,0.46153846,0.07692308,0.30567232
0042500404,1,20,35,2,1,1,3,1,2,3,1,-15,4,5,0,1,0.0,6,6,0,610.0,2270.0,-0.3147623,0.6666667,0.33333334,0.33333334,0.53846157,0.46153846,0.07692308,0.2792002
0042500404,1,20,35,2,1,1,3,1,2,3,1,-15,4,5,0,1,0.0,6,6,0,610.0,2270.0,-0.3147623,0.6666667,0.33333334,0.33333334,0.53846157,0.46153846,0.07692308,0.2792002
0042500404,1,20,35,2,1,1,3,1,2,3,1,-15,4,5,0,1,0.0,6,6,0,610.0,2270.0,-0.3147623,0.6666667,0.33333334,0.33333334,0.53846157,0.46153846,0.07692308,0.2792002
0042500404,1,20,35,2,1,1,3,1,2,3,1,-15,4,5,0,1,0.0,6,6,0,610.0,2270.0,-0.3147623,0.6666667,0.33333334,0.33333334,0.53846157,0.46153846,0.07692308,0.2792002
0042500404,1,20,35,2,1,1,3,1,2,3,1,-15,4,5,0,1,0.0,6,6,0,621.0,2259.0,-0.31552738,0.6666667,0.33333334,0.33333334,0.53846157,0.46153846,0.07692308,0.2779288
0042500404,1,20,35,2,1,1,3,1,2,3,1,-15,4,5,0,1,1.0,6,6,0,623.0,2257.0,-0.3156671,0.6666667,0.33333334,0.33333334,0.53846157,0.46153846,0.07692308,0.30924168
0042500404,1,20,35,2,1,1,3,1,2,3,1,-15,4,5,0,1,1.0,6,6,0,643.0,2237.0,-0.31707442,0.6666667,0.33333334,0.33333334,0.53846157,0.46153846,0.07692308,0.30754927
0042500404,1,20,35,2,1,1,3,1,2,3,1,-15,4,5,0,1,1.0,6,6,0,646.0,2234.0,-0.31728715,0.6666667,0.33333334,0.33333334,0.53846157,0.46153846,0.07692308,0.30729526
0042500404,1,20,35,2,1,1,3,1,2,3,1,-15,4,5,0,1,1.0,6,6,0,656.0,2224.0,-0.31799936,0.6666667,0.33333334,0.33333334,0.53846157,0.46153846,0.07692308,0.30644825
0042500404,1,20,35,2,1,1,3,1,2,3,1,-15,4,5,0,1,0.0,6,6,0,658.0,2222.0,-0.31814238,0.6666667,0.33333334,0.33333334,0.53846157,0.46153846,0.07692308,0.27366155
0042500404,1,20,35,2,1,1,3,1,2,3,1,-15,4,5,0,1,0.0,6,6,0,658.0,2222.0,-0.31814238,0.6666667,0.33333334,0.33333334,0.53846157,0.46153846,0.07692308,0.27366155
0042500404,1,20,37,2,1,1,3,1,2,3,1,-17,4,5,0,1,1.0,6,6,0,674.0,2205.0,-0.36187416,0.6666667,0.33333334,0.33333334,0.53846157,0.46153846,0.07692308,0.2539927
0042500404,1,20,37,2,1,1,3,1,2,3,1,-17,5,5,1,1,1.0,6,6,0,678.0,2201.0,-0.362219,0.6666667,0.33333334,0.33333334,0.53846157,0.46153846,0.07692308,0.2830386
0042500404,1,20,37,2,1,1,3,1,2,3,1,-17,5,5,1,1,0.0,6,6,0,678.0,2201.0,-0.362219,0.6666667,0.33333334,0.33333334,0.53846157,0.46153846,0.07692308,0.25143042
0042500404,1,20,37,2,1,1,3,1,2,3,1,-17,5,5,1,1,0.0,6,6,0,678.0,2201.0,-0.362219,0.6666667,0.33333334,0.33333334,0.53846157,0.46153846,0.07692308,0.25143042
0042500404,1,20,37,2,1,1,3,1,2,3,1,-17,5,5,1,1,0.0,6,6,0,678.0,2201.0,-0.362219,0.6666667,0.33333334,0.33333334,0.53846157,0.46153846,0.07692308,0.25143042
0042500404,1,20,38,2,1,1,3,1,2,3,1,-18,5,5,1,1,0.0,6,6,0,678.0,2201.0,-0.38352603,0.6666667,0.33333334,0.33333334,0.53846157,0.46153846,0.07692308,0.22793351
0042500404,1,20,39,2,1,1,3,1,2,3,1,-19,5,5,1,1,0.0,6,6,0,678.0,2201.0,-0.40483302,0.6666667,0.33333334,0.33333334,0.53846157,0.46153846,0.07692308,0.20656496
0042500404,1,20,41,2,1,1,3,1,2,3,1,-21,5,5,1,1,1.0,6,6,0,692.0,2187.0,-0.44887578,0.6666667,0.33333334,0.33333334,0.53846157,0.46153846,0.07692308,0.19060408
0042500404,1,20,41,2,1,1,3,1,2,3,1,-21,5,6,1,1,1.0,6,6,0,700.0,2179.0,-0.4496984,0.6666667,0.33333334,0.33333334,0.53846157,0.46153846,0.07692308,0.19697982
0042500404,1,21,41,2,1,1,3,1,2,3,1,-20,5,6,1,1,1.0,6,6,0,700.0,2179.0,-0.42828417,0.6666667,0.33333334,0.33333334,0.53846157,0.46153846,0.07692308,0.21873821
0042500404,1,21,41,2,1,1,3,1,2,3,1,-20,5,6,1,1,1.0,6,6,0,700.0,2179.0,-0.42828417,0.6666667,0.33333334,0.33333334,0.53846157,0.46153846,0.07692308,0.21873821
0042500404,1,22,41,2,1,1,3,1,2,3,1,-19,5,6,1,1,0.0,6,6,0,700.0,2179.0,-0.40686998,0.6666667,0.33333334,0.33333334,0.53846157,0.46153846,0.07692308,0.21217838
0042500404,1,22,41,2,1,1,3,1,2,3,1,-19,5,6,1,1,0.0,6,6,0,716.0,2163.0,-0.40836143,0.6666667,0.33333334,0.33333334,0.53846157,0.46153846,0.07692308,0.2103683
0042500404,1,22,41,2,1,1,3,1,2,3,1,-19,5,6,1,1,1.0,6,6,0,718.0,2161.0,-0.4085691,0.6666667,0.33333334,0.33333334,0.53846157,0.46153846,0.07692308,0.23920187
0042500404,1,22,41,2,1,1,3,1,2,3,1,-19,5,6,1,1,1.0,6,6,0,720.0,2160.0,-0.4087203,0.6666667,0.33333334,0.33333334,0.53846157,0.46153846,0.07692308,0.23905794
0042500404,2,22,41,2,1,1,3,1,2,3,1,-19,0,0,0,0,1.0,6,6,0,720.0,2160.0,-0.4087203,0.6666667,0.33333334,0.33333334,0.53846157,0.46153846,0.07692308,0.19616188
0042500404,2,25,41,2,1,1,3,1,2,3,1,-16,0,0,0,0,0.0,6,6,0,744.0,2136.0,-0.34611285,0.6666667,0.33333334,0.33333334,0.53846157,0.46153846,0.07692308,0.23164852
0042500404,2,25,44,2,1,1,3,1,2,3,1,-19,0,0,0,0,1.0,6,6,0,759.0,2121.0,-0.41245914,0.6666667,0.33333334,0.33333334,0.53846157,0.46153846,0.07692308,0.1921806
0042500404,2,25,44,2,1,1,3,1,2,3,1,-19,0,0,0,0,0.0,6,6,0,774.0,2106.0,-0.4139247,0.6666667,0.33333334,0.33333334,0.53846157,0.46153846,0.07692308,0.16404918
0042500404,2,25,44,2,1,1,3,1,2,3,1,-19,0,0,0,0,0.0,6,6,0,774.0,2106.0,-0.4139247,0.6666667,0.33333334,0.33333334,0.53846157,0.46153846,0.07692308,0.16404918
0042500404,2,25,47,2,1,1,3,1,2,3,1,-22,0,0,0,0,1.0,6,6,0,795.0,2085.0,-0.48168766,0.6666667,0.33333334,0.33333334,0.53846157,0.46153846,0.07692308,0.13542528
0042500404,2,25,47,2,1,1,3,1,2,3,1,-22,1,0,0,0,1.0,6,6,0,795.0,2085.0,-0.48168766,0.6666667,0.33333334,0.33333334,0.53846157,0.46153846,0.07692308,0.13621183
0042500404,2,25,47,2,1,1,3,1,2,3,1,-22,1,0,0,0,1.0,6,6,0,795.0,2085.0,-0.48168766,0.6666667,0.33333334,0.33333334,0.53846157,0.46153846,0.07692308,0.13621183
0042500404,2,25,47,2,1,1,3,1,2,3,1,-22,1,0,0,0,1.0,6,6,0,795.0,2085.0,-0.48168766,0.6666667,0.33333334,0.33333334,0.53846157,0.46153846,0.07692308,0.13621183
0042500404,2,25,48,2,1,1,3,1,2,3,1,-23,1,0,0,0,1.0,6,6,0,795.0,2085.0,-0.50358254,0.6666667,0.33333334,0.33333334,0.53846157,0.46153846,0.07692308,0.1215051
0042500404,2,25,48,2,1,1,3,1,2,3,1,-23,1,1,0,0,1.0,6,6,0,805.0,2075.0,-0.504794,0.6666667,0.33333334,0.33333334,0.53846157,0.46153846,0.07692308,0.12154252
0042500404,2,25,48,2,1,1,3,1,2,3,1,-23,1,1,0,0,1.0,6,6,0,811.0,2069.0,-0.50552505,0.6666667,0.33333334,0.33333334,0.53846157,0.46153846,0.07692308,0.12108581
0042500404,2,25,48,2,1,1,3,1,2,3,1,-23,1,1,0,0,1.0,6,6,0,814.0,2066.0,-0.50589174,0.6666667,0.33333334,0.33333334,0.53846157,0.46153846,0.07692308,0.12085777
0042500404,2,27,48,2,1,1,3,1,2,3,1,-21,1,1,0,0,1.0,6,6,0,815.0,2065.0,-0.46201295,0.6666667,0.33333334,0.33333334,0.53846157,0.46153846,0.07692308,0.15168442
0042500404,2,27,48,2,1,1,3,1,2,3,1,-21,1,2,0,0,1.0,6,6,0,815.0,2065.0,-0.46201295,0.6666667,0.33333334,0.33333334,0.53846157,0.46153846,0.07692308,0.15329647
0042500404,2,28,48,2,1,1,3,1,2,3,1,-20,1,2,0,0,0.0,6,6,0,815.0,2065.0,-0.4400123,0.6666667,0.33333334,0.33333334,0.53846157,0.46153846,0.07692308,0.1478936
0042500404,2,28,48,2,1,1,3,1,2,3,1,-20,1,2,0,0,0.0,6,6,0,834.0,2046.0,-0.44204968,0.6666667,0.33333334,0.33333334,0.53846157,0.46153846,0.07692308,0.14626308
0042500404,2,28,48,2,1,1,3,1,2,3,1,-20,1,2,0,0,1.0,6,6,0,837.0,2043.0,-0.44237396,0.6666667,0.33333334,0.33333334,0.53846157,0.46153846,0.07692308,0.16861421
0042500404,2,30,48,2,1,1,3,1,2,3,1,-18,1,2,0,0,0.0,6,6,0,842.0,2038.0,-0.39862442,0.6666667,0.33333334,0.33333334,0.53846157,0.46153846,0.07692308,0.18161616
0042500404,2,30,51,2,1,1,3,1,2,3,1,-21,1,2,0,0,1.0,6,6,0,858.0,2022.0,-0.46689728,0.6666667,0.33333334,0.33333334,0.53846157,0.46153846,0.07692308,0.14932998
0042500404,2,30,51,2,1,1,3,1,2,3,1,-21,1,2,0,0,1.0,6,6,0,875.0,2005.0,-0.4688715,0.6666667,0.33333334,0.33333334,0.53846157,0.46153846,0.07692308,0.14777406
0042500404,2,30,51,2,1,1,3,1,2,3,1,-21,1,2,0,0,0.0,6,6,0,878.0,2002.0,-0.4692225,0.6666667,0.33333334,0.33333334,0.53846157,0.46153846,0.07692308,0.12679277
0042500404,2,30,54,2,1,1,3,1,2,3,1,-24,1,2,0,0,1.0,6,6,0,884.0,1996.0,-0.53705925,0.6666667,0.33333334,0.33333334,0.53846157,0.46153846,0.07692308,0.103705645
0042500404,2,32,54,2,1,1,3,1,2,3,1,-22,1,2,0,0,0.0,6,6,0,904.0,1976.0,-0.4947882,0.6666667,0.33333334,0.33333334,0.53846157,0.46153846,0.07692308,0.10985661
0042500404,2,32,57,2,1,1,3,1,2,3,1,-25,1,2,0,0,1.0,6,6,0,917.0,1963.0,-0.5641171,0.6666667,0.33333334,0.33333334,0.53846157,0.46153846,0.07692308,0.088654175
0042500404,2,32,57,2,1,1,3,1,2,3,1,-25,1,3,0,0,1.0,6,6,0,934.0,1946.0,-0.5665745,0.6666667,0.33333334,0.33333334,0.53846157,0.46153846,0.07692308,0.08801634
0042500404,2,32,57,2,1,1,3,1,2,3,1,-25,1,3,0,0,1.0,6,6,0,934.0,1946.0,-0.5665745,0.6666667,0.33333334,0.33333334,0.53846157,0.46153846,0.07692308,0.08801634
0042500404,2,32,57,2,1,1,3,1,2,3,1,-25,1,3,0,0,1.0,6,6,0,934.0,1946.0,-0.5665745,0.6666667,0.33333334,0.33333334,0.53846157,0.46153846,0.07692308,0.08801634
0042500404,2,32,57,2,1,1,3,1,2,3,1,-25,1,3,0,0,1.0,6,6,0,934.0,1946.0,-0.5665745,0.6666667,0.33333334,0.33333334,0.53846157,0.46153846,0.07692308,0.08801634
0042500404,2,32,57,2,1,1,3,1,2,3,1,-25,1,3,0,0,1.0,6,6,0,934.0,1946.0,-0.5665745,0.6666667,0.33333334,0.33333334,0.53846157,0.46153846,0.07692308,0.08801634
0042500404,2,32,57,2,1,1,3,1,2,3,1,-25,1,3,0,0,1.0,6,6,0,934.0,1946.0,-0.5665745,0.6666667,0.33333334,0.33333334,0.53846157,0.46153846,0.07692308,0.08801634
0042500404,2,32,57,2,1,1,3,1,2,3,1,-25,1,3,0,0,1.0,6,6,0,934.0,1946.0,-0.5665745,0.6666667,0.33333334,0.33333334,0.53846157,0.46153846,0.07692308,0.08801634
0042500404,2,32,57,2,1,1,3,1,2,3,1,-25,1,3,0,0,1.0,6,6,0,939.0,1941.0,-0.5673034,0.6666667,0.33333334,0.33333334,0.53846157,0.46153846,0.07692308,0.08764902
0042500404,2,32,57,2,1,1,3,1,2,3,1,-25,1,3,0,0,0.0,6,6,0,942.0,1938.0,-0.5677421,0.6666667,0.33333334,0.33333334,0.53846157,0.46153846,0.07692308,0.07247981
0042500404,2,32,57,2,1,1,3,1,2,3,1,-25,1,3,0,0,0.0,6,6,0,954.0,1926.0,-0.5695071,0.6666667,0.33333334,0.33333334,0.53846157,0.46153846,0.07692308,0.07173182
0042500404,2,32,57,2,1,1,3,1,2,3,1,-25,1,3,0,0,1.0,6,6,0,957.0,1923.0,-0.56995094,0.6666667,0.33333334,0.33333334,0.53846157,0.46153846,0.07692308,0.08633397
0042500404,2,34,57,2,1,1,3,1,2,3,1,-23,1,3,0,0,0.0,6,6,0,961.0,1919.0,-0.5249008,0.6666667,0.33333334,0.33333334,0.53846157,0.46153846,0.07692308,0.09354643
0042500404,2,34,59,2,1,1,3,1,2,3,1,-25,1,3,0,0,1.0,6,6,0,967.0,1913.0,-0.5714379,0.6666667,0.33333334,0.33333334,0.53846157,0.46153846,0.07692308,0.085608296
0042500404,2,34,59,2,1,1,3,1,2,3,1,-25,1,3,0,0,1.0,6,6,0,986.0,1894.0,-0.57429546,0.6666667,0.33333334,0.33333334,0.53846157,0.46153846,0.07692308,0.08423909
0042500404,2,34,59,2,1,1,3,1,2,3,1,-25,1,3,0,0,0.0,6,6,0,989.0,1891.0,-0.5747506,0.6666667,0.33333334,0.33333334,0.53846157,0.46153846,0.07692308,0.069576465
0042500404,2,34,59,2,1,1,3,1,2,3,1,-25,2,3,0,0,0.0,6,6,0,989.0,1891.0,-0.5747506,0.6666667,0.33333334,0.33333334,0.53846157,0.46153846,0.07692308,0.069296084
0042500404,2,34,59,2,1,1,3,1,2,3,1,-25,2,3,0,0,0.0,6,6,0,999.0,1881.0,-0.5762755,0.6666667,0.33333334,0.33333334,0.53846157,0.46153846,0.07692308,0.068695135
0042500404,2,34,59,2,1,1,3,1,2,3,1,-25,2,3,0,0,1.0,6,6,0,1001.0,1879.0,-0.576582,0.6666667,0.33333334,0.33333334,0.53846157,0.46153846,0.07692308,0.08305111
0042500404,2,34,59,2,1,1,3,1,2,3,1,-25,2,3,0,0,0.0,6,6,0,1002.0,1878.0,-0.57673544,0.6666667,0.33333334,0.33333334,0.53846157,0.46153846,0.07692308,0.06851543
0042500404,2,34,59,2,1,1,3,1,2,3,1,-25,2,3,0,0,0.0,6,6,0,1002.0,1878.0,-0.57673544,0.6666667,0.33333334,0.33333334,0.53846157,0.46153846,0.07692308,0.06851543
0042500404,2,34,59,2,1,1,3,1,2,3,1,-25,2,3,0,0,0.0,6,6,0,1004.0,1876.0,-0.5770426,0.6666667,0.33333334,0.33333334,0.53846157,0.46153846,0.07692308,0.0683958
0042500404,2,34,59,2,1,1,3,1,2,3,1,-25,2,3,0,0,1.0,6,6,0,1006.0,1874.0,-0.57735026,0.6666667,0.33333334,0.33333334,0.53846157,0.46153846,0.07692308,0.08269593
0042500404,2,34,59,2,1,1,3,1,2,3,1,-25,2,4,0,0,1.0,6,6,0,1020.0,1860.0,-0.57951784,0.6666667,0.33333334,0.33333334,0.53846157,0.46153846,0.07692308,0.08213926
0042500404,2,34,59,2,1,1,3,1,2,3,1,-25,2,4,0,0,1.0,6,6,0,1020.0,1860.0,-0.57951784,0.6666667,0.33333334,0.33333334,0.53846157,0.46153846,0.07692308,0.08213926
0042500404,2,34,59,2,1,1,3,1,2,3,1,-25,2,4,0,0,1.0,6,6,0,1020.0,1860.0,-0.57951784,0.6666667,0.33333334,0.33333334,0.53846157,0.46153846,0.07692308,0.08213926
0042500404,2,34,59,2,1,1,3,1,2,3,1,-25,2,5,0,1,1.0,6,6,0,1024.0,1856.0,-0.58014166,0.6666667,0.33333334,0.33333334,0.53846157,0.46153846,0.07692308,0.07847068
0042500404,2,34,59,2,1,1,3,1,2,3,1,-25,2,5,0,1,1.0,5,6,0,1024.0,1856.0,-0.58014166,0.6666667,0.33333334,0.33333334,0.53846157,0.46153846,0.07692308,0.07033992
0042500404,2,34,59,2,1,1,3,1,2,3,1,-25,2,5,0,1,1.0,5,6,0,1024.0,1856.0,-0.58014166,0.6666667,0.33333334,0.33333334,0.53846157,0.46153846,0.07692308,0.07033992
0042500404,2,34,59,2,1,1,3,1,2,3,1,-25,2,5,0,1,1.0,5,6,0,1024.0,1856.0,-0.58014166,0.6666667,0.33333334,0.33333334,0.53846157,0.46153846,0.07692308,0.07033992
0042500404,2,34,59,2,1,1,3,1,2,3,1,-25,2,5,0,1,1.0,5,6,0,1024.0,1856.0,-0.58014166,0.6666667,0.33333334,0.33333334,0.53846157,0.46153846,0.07692308,0.07033992
0042500404,2,34,59,2,1,1,3,1,2,3,1,-25,2,5,0,1,1.0,5,6,0,1024.0,1856.0,-0.58014166,0.6666667,0.33333334,0.33333334,0.53846157,0.46153846,0.07692308,0.07033992
0042500404,2,34,59,2,1,1,3,1,2,3,1,-25,2,5,0,1,0.0,5,6,0,1025.0,1855.0,-0.58029795,0.6666667,0.33333334,0.33333334,0.53846157,0.46153846,0.07692308,0.057863444
0042500404,2,34,59,2,1,1,3,1,2,3,1,-25,3,5,0,1,0.0,5,6,0,1026.0,1854.0,-0.58045435,0.6666667,0.33333334,0.33333334,0.53846157,0.46153846,0.07692308,0.05640843
0042500404,2,34,59,2,1,1,3,1,2,3,1,-25,3,5,0,1,0.0,5,6,0,1026.0,1854.0,-0.58045435,0.6666667,0.33333334,0.33333334,0.53846157,0.46153846,0.07692308,0.05640843
0042500404,2,34,59,2,1,1,3,1,2,3,1,-25,4,5,0,1,0.0,5,6,0,1036.0,1844.0,-0.58202523,0.6666667,0.33333334,0.33333334,0.53846157,0.46153846,0.07692308,0.05499989
0042500404,2,34,59,2,1,1,3,1,2,3,1,-25,4,5,0,1,0.0,5,6,0,1036.0,1844.0,-0.58202523,0.6666667,0.33333334,0.33333334,0.53846157,0.46153846,0.07692308,0.05499989
0042500404,2,34,59,2,1,1,3,1,2,3,1,-25,4,5,0,1,1.0,5,6,0,1042.0,1838.0,-0.58297396,0.6666667,0.33333334,0.33333334,0.53846157,0.46153846,0.07692308,0.06699179
0042500404,2,34,59,2,1,1,3,1,2,3,1,-25,4,5,0,1,1.0,5,6,0,1042.0,1838.0,-0.58297396,0.6666667,0.33333334,0.33333334,0.53846157,0.46153846,0.07692308,0.06699179
0042500404,2,36,59,2,1,1,3,1,2,3,1,-23,4,5,0,1,0.0,5,6,0,1045.0,1835.0,-0.53677404,0.6666667,0.33333334,0.33333334,0.53846157,0.46153846,0.07692308,0.07162708
0042500404,2,36,59,2,1,1,3,1,2,3,1,-23,4,5,0,1,0.0,5,6,0,1064.0,1816.0,-0.5395732,0.6666667,0.33333334,0.33333334,0.53846157,0.46153846,0.07692308,0.07057555
0042500404,2,36,59,2,1,1,3,1,2,3,1,-23,4,5,0,1,0.0,5,6,0,1064.0,1816.0,-0.5395732,0.6666667,0.33333334,0.33333334,0.53846157,0.46153846,0.07692308,0.07057555
0042500404,2,36,59,2,1,1,3,1,2,3,1,-23,4,5,0,1,1.0,5,6,0,1066.0,1814.0,-0.5398704,0.6666667,0.33333334,0.33333334,0.53846157,0.46153846,0.07692308,0.086196736
0042500404,2,38,59,2,1,1,3,1,2,3,1,-21,4,5,0,1,0.0,5,6,0,1069.0,1811.0,-0.49333304,0.6666667,0.33333334,0.33333334,0.53846157,0.46153846,0.07692308,0.09180871
0042500404,2,38,59,2,1,1,3,1,2,3,1,-21,4,5,0,1,0.0,5,5,0,1070.0,1810.0,-0.4934692,0.6666667,0.33333334,0.33333334,0.53846157,0.46153846,0.07692308,0.09490506
0042500404,2,38,59,2,1,1,3,1,2,3,1,-21,4,5,0,1,0.0,5,5,0,1070.0,1810.0,-0.4934692,0.6666667,0.33333334,0.33333334,0.53846157,0.46153846,0.07692308,0.09490506
0042500404,2,38,59,2,1,1,3,1,2,3,1,-21,4,5,0,1,0.0,5,5,0,1070.0,1810.0,-0.4934692,0.6666667,0.33333334,0.33333334,0.53846157,0.46153846,0.07692308,0.09490506
0042500404,2,38,59,2,1,1,3,1,2,3,1,-21,4,5,0,1,0.0,5,5,0,1070.0,1810.0,-0.4934692,0.6666667,0.33333334,0.33333334,0.53846157,0.46153846,0.07692308,0.09490506
0042500404,2,38,59,2,1,1,3,1,2,3,1,-21,4,5,0,1,0.0,5,5,0,1087.0,1793.0,-0.49580178,0.6666667,0.33333334,0.33333334,0.53846157,0.46153846,0.07692308,0.093675375
0042500404,2,38,62,2,1,1,3,1,2,3,1,-24,4,5,0,1,1.0,5,5,0,1094.0,1786.0,-0.5677393,0.6666667,0.33333334,0.33333334,0.53846157,0.46153846,0.07692308,0.075895354
0042500404,2,38,62,2,1,1,3,1,2,3,1,-24,4,5,0,1,1.0,5,5,0,1112.0,1768.0,-0.5706204,0.6666667,0.33333334,0.33333334,0.53846157,0.46153846,0.07692308,0.074772015
0042500404,2,38,62,2,1,1,3,1,2,3,1,-24,4,5,0,1,0.0,5,5,0,1114.0,1766.0,-0.5709433,0.6666667,0.33333334,0.33333334,0.53846157,0.46153846,0.07692308,0.060984243
0042500404,2,38,62,2,1,1,3,1,2,3,1,-24,4,5,0,1,0.0,5,5,0,1119.0,1761.0,-0.5717528,0.6666667,0.33333334,0.33333334,0.53846157,0.46153846,0.07692308,0.06072595
0042500404,2,38,62,2,1,1,3,1,2,3,1,-24,4,5,0,1,1.0,5,5,0,1122.0,1758.0,-0.5722402,0.6666667,0.33333334,0.33333334,0.53846157,0.46153846,0.07692308,0.07415153
0042500404,2,38,62,2,1,1,3,1,2,3,1,-24,4,6,0,1,1.0,5,5,0,1131.0,1749.0,-0.5737097,0.6666667,0.33333334,0.33333334,0.53846157,0.46153846,0.07692308,0.073383965
0042500404,2,39,62,2,1,1,3,1,2,3,1,-23,4,6,0,1,1.0,5,5,0,1131.0,1749.0,-0.54980516,0.6666667,0.33333334,0.33333334,0.53846157,0.46153846,0.07692308,0.083912335
0042500404,2,39,62,2,1,1,3,1,2,3,1,-23,4,6,0,1,1.0,5,5,0,1131.0,1749.0,-0.54980516,0.6666667,0.33333334,0.33333334,0.53846157,0.46153846,0.07692308,0.083912335
0042500404,2,40,62,2,1,1,3,1,2,3,1,-22,4,6,0,1,0.0,5,5,0,1131.0,1749.0,-0.5259006,0.6666667,0.33333334,0.33333334,0.53846157,0.46153846,0.07692308,0.07857933
0042500404,2,40,64,2,1,1,3,1,2,3,1,-24,4,6,0,1,1.0,5,5,0,1141.0,1739.0,-0.57535595,0.6666667,0.33333334,0.33333334,0.53846157,0.46153846,0.07692308,0.07275858
0042500404,2,40,64,2,1,1,3,1,2,3,1,-24,4,6,0,1,1.0,5,5,0,1168.0,1712.0,-0.57987255,0.6666667,0.33333334,0.33333334,0.53846157,0.46153846,0.07692308,0.07108393
0042500404,2,40,64,2,1,1,3,1,2,3,1,-24,4,6,0,1,1.0,5,5,0,1169.0,1711.0,-0.5800419,0.6666667,0.33333334,0.33333334,0.53846157,0.46153846,0.07692308,0.07102227
0042500404,2,40,64,2,1,1,3,1,2,3,1,-24,4,6,0,1,0.0,5,5,0,1169.0,1711.0,-0.5800419,0.6666667,0.33333334,0.33333334,0.53846157,0.46153846,0.07692308,0.057761632
0042500404,2,40,66,2,1,1,3,1,2,3,1,-26,4,6,0,1,1.0,5,5,0,1181.0,1699.0,-0.63059264,0.6666667,0.33333334,0.33333334,0.53846157,0.46153846,0.07692308,0.053409494
0042500404,2,42,66,2,1,1,3,1,2,3,1,-24,4,6,0,1,0.0,5,5,0,1194.0,1686.0,-0.58432394,0.6666667,0.33333334,0.33333334,0.53846157,0.46153846,0.07692308,0.056515127
0042500404,2,42,69,2,1,1,3,1,2,3,1,-27,4,6,0,1,1.0,5,5,0,1213.0,1667.0,-0.6610978,0.6666667,0.33333334,0.33333334,0.53846157,0.46153846,0.07692308,0.045092136
0042500404,2,42,69,2,1,1,3,1,2,3,1,-27,4,6,0,1,1.0,5,5,0,1232.0,1648.0,-0.6648956,0.6666667,0.33333334,0.33333334,0.53846157,0.46153846,0.07692308,0.044279113
0042500404,2,42,69,2,1,1,3,1,2,3,1,-27,4,6,0,1,1.0,5,5,0,1235.0,1645.0,-0.66550124,0.6666667,0.33333334,0.33333334,0.53846157,0.46153846,0.07692308,0.044151463
0042500404,2,42,69,2,1,1,3,1,2,3,1,-27,4,6,0,1,1.0,5,5,0,1245.0,1635.0,-0.667532,0.6666667,0.33333334,0.33333334,0.53846157,0.46153846,0.07692308,0.043727376
0042500404,2,42,69,2,1,1,3,1,2,3,1,-27,4,6,0,1,0.0,5,5,0,1248.0,1632.0,-0.66814494,0.6666667,0.33333334,0.33333334,0.53846157,0.46153846,0.07692308,0.03534086
0042500404,2,42,71,2,1,1,3,1,2,3,1,-29,4,6,0,1,1.0,5,5,0,1254.0,1626.0,-0.71895915,0.6666667,0.33333334,0.33333334,0.53846157,0.46153846,0.07692308,0.032635987
0042500404,2,42,71,2,1,1,3,1,2,3,1,-29,4,7,0,1,1.0,5,5,0,1269.0,1611.0,-0.7222965,0.6666667,0.33333334,0.33333334,0.53846157,0.46153846,0.07692308,0.032174233
0042500404,2,43,71,2,1,1,3,1,2,3,1,-28,4,7,0,1,1.0,5,5,0,1269.0,1611.0,-0.69738966,0.6666667,0.33333334,0.33333334,0.53846157,0.46153846,0.07692308,0.037105754
0042500404,2,43,71,2,1,1,3,1,2,3,1,-28,4,7,0,1,1.0,5,5,0,1269.0,1611.0,-0.69738966,0.6666667,0.33333334,0.33333334,0.53846157,0.46153846,0.07692308,0.037105754
0042500404,2,43,71,2,1,1,3,1,2,3,1,-28,4,7,0,1,1.0,5,5,0,1269.0,1611.0,-0.69738966,0.6666667,0.33333334,0.33333334,0.53846157,0.46153846,0.07692308,0.037105754
0042500404,2,43,71,2,1,1,3,1,2,3,1,-28,4,7,0,1,1.0,5,5,0,1269.0,1611.0,-0.69738966,0.6666667,0.33333334,0.33333334,0.53846157,0.46153846,0.07692308,0.037105754
0042500404,2,43,71,2,1,1,3,1,2,3,1,-28,4,7,0,1,0.0,5,5,0,1271.0,1609.0,-0.6978227,0.6666667,0.33333334,0.33333334,0.53846157,0.46153846,0.07692308,0.030017525
0042500404,2,43,71,2,1,1,3,1,2,3,1,-28,4,7,0,1,0.0,5,5,0,1281.0,1599.0,-0.7,0.6666667,0.33333334,0.33333334,0.53846157,0.46153846,0.07692308,0.02971539
0042500404,2,43,71,2,1,1,3,1,2,3,1,-28,4,7,0,1,0.0,5,5,0,1287.0,1593.0,-0.7013162,0.6666667,0.33333334,0.33333334,0.53846157,0.46153846,0.07692308,0.02953491
0042500404,2,43,71,2,1,1,3,1,2,3,1,-28,4,7,0,1,0.0,5,5,0,1292.0,1588.0,-0.70241874,0.6666667,0.33333334,0.33333334,0.53846157,0.46153846,0.07692308,0.029384945
0042500404,2,43,71,2,1,1,3,1,2,3,1,-28,4,7,0,1,1.0,5,5,0,1294.0,1586.0,-0.7028612,0.6666667,0.33333334,0.33333334,0.53846157,0.46153846,0.07692308,0.036183584
0042500404,2,43,71,2,1,1,3,1,2,3,1,-28,4,8,0,1,1.0,5,5,0,1294.0,1586.0,-0.7028612,0.6666667,0.33333334,0.33333334,0.53846157,0.46153846,0.07692308,0.036230408
0042500404,2,43,71,2,1,1,3,1,2,3,1,-28,4,8,0,1,1.0,5,5,0,1294.0,1586.0,-0.7028612,0.6666667,0.33333334,0.33333334,0.53846157,0.46153846,0.07692308,0.036230408
0042500404,2,43,71,2,1,1,3,1,2,3,1,-28,4,8,0,1,1.0,5,5,0,1294.0,1586.0,-0.7028612,0.6666667,0.33333334,0.33333334,0.53846157,0.46153846,0.07692308,0.036230408
0042500404,2,43,71,2,1,1,3,1,2,3,1,-28,4,8,0,1,1.0,5,5,0,1294.0,1586.0,-0.7028612,0.6666667,0.33333334,0.33333334,0.53846157,0.46153846,0.07692308,0.036230408
0042500404,2,43,71,2,1,1,3,1,2,3,1,-28,4,8,0,1,1.0,5,5,0,1294.0,1586.0,-0.7028612,0.6666667,0.33333334,0.33333334,0.53846157,0.46153846,0.07692308,0.036230408
0042500404,2,43,71,2,1,1,3,1,2,3,1,-28,4,8,0,1,1.0,5,5,0,1294.0,1586.0,-0.7028612,0.6666667,0.33333334,0.33333334,0.53846157,0.46153846,0.07692308,0.036230408
0042500404,2,43,71,2,1,1,3,1,2,3,1,-28,4,8,0,1,1.0,5,5,0,1297.0,1583.0,-0.7035265,0.6666667,0.33333334,0.33333334,0.53846157,0.46153846,0.07692308,0.03612038
0042500404,2,46,71,2,1,1,3,1,2,3,1,-25,4,8,0,1,0.0,5,5,0,1299.0,1581.0,-0.6285456,0.6666667,0.33333334,0.33333334,0.53846157,0.46153846,0.07692308,0.04508543
0042500404,2,46,71,2,1,1,3,1,2,3,1,-25,4,8,0,1,0.0,5,5,0,1318.0,1562.0,-0.6323544,0.6666667,0.33333334,0.33333334,0.53846157,0.46153846,0.07692308,0.04425929
0042500404,2,46,71,2,1,1,3,1,2,3,1,-25,4,8,0,1,1.0,5,5,0,1320.0,1560.0,-0.63275933,0.6666667,0.33333334,0.33333334,0.53846157,0.46153846,0.07692308,0.054031275
0042500404,2,46,71,2,1,1,3,1,2,3,1,-25,4,8,0,1,0.0,5,5,0,1328.0,1552.0,-0.634387,0.6666667,0.33333334,0.33333334,0.53846157,0.46153846,0.07692308,0.043827597
0042500404,2,46,71,2,1,1,3,1,2,3,1,-25,4,8,0,1,0.0,5,5,0,1328.0,1552.0,-0.634387,0.6666667,0.33333334,0.33333334,0.53846157,0.46153846,0.07692308,0.043827597
0042500404,2,46,71,2,1,1,3,1,2,3,1,-25,4,8,0,1,1.0,5,5,0,1330.0,1550.0,-0.6347959,0.6666667,0.33333334,0.33333334,0.53846157,0.46153846,0.07692308,0.053516757
0042500404,2,46,71,2,1,1,3,1,2,3,1,-25,4,8,0,1,1.0,5,5,0,1330.0,1550.0,-0.6347959,0.6666667,0.33333334,0.33333334,0.53846157,0.46153846,0.07692308,0.053516757
0042500404,2,46,71,2,1,1,3,1,2,3,1,-25,4,9,0,1,1.0,5,5,0,1335.0,1545.0,-0.6358216,0.6666667,0.33333334,0.33333334,0.53846157,0.46153846,0.07692308,0.053810205
0042500404,2,46,71,2,1,1,3,1,2,3,1,-25,4,9,0,1,1.0,5,5,0,1335.0,1545.0,-0.6358216,0.6666667,0.33333334,0.33333334,0.53846157,0.46153846,0.07692308,0.053810205
0042500404,2,46,71,2,1,1,3,1,2,3,1,-25,4,9,0,1,1.0,5,5,0,1335.0,1545.0,-0.6358216,0.6666667,0.33333334,0.33333334,0.53846157,0.46153846,0.07692308,0.053810205
0042500404,2,46,71,2,1,1,3,1,2,3,1,-25,4,9,0,1,1.0,5,5,0,1335.0,1545.0,-0.6358216,0.6666667,0.33333334,0.33333334,0.53846157,0.46153846,0.07692308,0.053810205
0042500404,2,47,71,2,1,1,3,1,2,3,1,-24,4,9,0,1,0.0,5,5,0,1335.0,1545.0,-0.6103887,0.6666667,0.33333334,0.33333334,0.53846157,0.46153846,0.07692308,0.051412597
0042500404,2,47,73,2,1,1,3,1,2,3,1,-26,4,9,0,1,1.0,5,5,0,1355.0,1525.0,-0.6655736,0.6666667,0.33333334,0.33333334,0.53846157,0.46153846,0.07692308,0.045678154
0042500404,2,49,73,2,1,1,3,1,2,3,1,-24,4,9,0,1,0.0,5,5,0,1364.0,1516.0,-0.6161954,0.6666667,0.33333334,0.33333334,0.53846157,0.46153846,0.07692308,0.049906768
0042500404,2,49,76,2,1,1,3,1,2,3,1,-27,4,9,0,1,1.0,5,5,0,1382.0,1497.0,-0.697416,0.6666667,0.33333334,0.33333334,0.53846157,0.46153846,0.07692308,0.03835752
0042500404,2,49,76,2,1,1,3,1,2,3,1,-27,4,9,0,1,1.0,5,5,0,1396.0,1483.0,-0.7006726,0.6666667,0.33333334,0.33333334,0.53846157,0.46153846,0.07692308,0.037756752
0042500404,2,49,76,2,1,1,3,1,2,3,1,-27,4,9,0,1,1.0,5,5,0,1396.0,1483.0,-0.7006726,0.6666667,0.33333334,0.33333334,0.53846157,0.46153846,0.07692308,0.037756752
0042500404,2,49,76,2,1,1,3,1,2,3,1,-27,4,9,0,1,0.0,5,5,0,1399.0,1480.0,-0.70140517,0.6666667,0.33333334,0.33333334,0.53846157,0.46153846,0.07692308,0.030745039
0042500404,2,49,76,2,1,1,3,1,2,3,1,-27,4,9,0,1,0.0,5,5,0,1405.0,1475.0,-0.7027819,0.6666667,0.33333334,0.33333334,0.53846157,0.46153846,0.07692308,0.030556967
0042500404,2,49,76,2,1,1,3,1,2,3,1,-27,4,9,0,1,1.0,5,5,0,1408.0,1471.0,-0.7035689,0.6666667,0.33333334,0.33333334,0.53846157,0.46153846,0.07692308,0.03724028
0042500404,2,49,76,2,1,1,3,1,2,3,1,-27,4,9,0,1,1.0,5,5,0,1413.0,1466.0,-0.7048864,0.6666667,0.33333334,0.33333334,0.53846157,0.46153846,0.07692308,0.037017953
0042500404,2,49,76,2,1,1,3,1,2,3,1,-27,4,9,0,1,0.0,5,5,0,1415.0,1464.0,-0.7053432,0.6666667,0.33333334,0.33333334,0.53846157,0.46153846,0.07692308,0.030179188
0042500404,2,49,76,2,1,1,3,1,2,3,1,-27,4,9,0,1,0.0,5,5,0,1438.0,1441.0,-0.71094495,0.6666667,0.33333334,0.33333334,0.53846157,0.46153846,0.07692308,0.029389162
0042500404,2,49,76,2,1,1,3,1,2,3,1,-27,4,9,0,1,0.0,5,5,0,1439.0,1440.0,-0.7112409,0.6666667,0.33333334,0.33333334,0.53846157,0.46153846,0.07692308,0.029353209
0042500404,2,49,76,2,1,1,3,1,2,3,1,-27,4,9,0,1,0.0,5,5,0,1440.0,1440.0,-0.71126556,0.6666667,0.33333334,0.33333334,0.53846157,0.46153846,0.07692308,0.029351583
0042500404,3,49,76,2,1,1,3,1,2,3,1,-27,0,0,0,0,0.0,5,5,0,1440.0,1440.0,-0.71126556,0.6666667,0.33333334,0.33333334,0.53846157,0.46153846,0.07692308,0.029172799
0042500404,3,49,76,2,1,1,3,1,2,3,1,-27,0,0,0,0,0.0,5,5,0,1463.0,1417.0,-0.71701074,0.6666667,0.33333334,0.33333334,0.53846157,0.46153846,0.07692308,0.028477928
0042500404,3,49,76,2,1,1,3,1,2,3,1,-27,0,0,0,0,0.0,5,5,0,1467.0,1413.0,-0.71802413,0.6666667,0.33333334,0.33333334,0.53846157,0.46153846,0.07692308,0.028357845
0042500404,3,49,76,2,1,1,3,1,2,3,1,-27,0,0,0,0,0.0,5,5,0,1478.0,1402.0,-0.7208334,0.6666667,0.33333334,0.33333334,0.53846157,0.46153846,0.07692308,0.02802875
0042500404,3,49,76,2,1,1,3,1,2,3,1,-27,0,0,0,0,1.0,5,5,0,1481.0,1399.0,-0.72160536,0.6666667,0.33333334,0.33333334,0.53846157,0.46153846,0.07692308,0.03305021
0042500404,3,52,76,2,1,1,3,1,2,3,1,-24,0,0,0,0,0.0,5,5,0,1496.0,1384.0,-0.6448911,0.6666667,0.33333334,0.33333334,0.53846157,0.46153846,0.07692308,0.04302336
0042500404,3,52,76,2,1,1,3,1,2,3,1,-24,0,0,0,0,0.0,5,5,0,1511.0,1369.0,-0.64841187,0.6666667,0.33333334,0.33333334,0.53846157,0.46153846,0.07692308,0.04237884
0042500404,3,52,76,2,1,1,3,1,2,3,1,-24,0,0,0,0,1.0,5,5,0,1513.0,1367.0,-0.64888567,0.6666667,0.33333334,0.33333334,0.53846157,0.46153846,0.07692308,0.04999668
0042500404,3,52,76,2,1,1,3,1,2,3,1,-24,0,0,0,0,0.0,5,5,0,1514.0,1366.0,-0.64912295,0.6666667,0.33333334,0.33333334,0.53846157,0.46153846,0.07692308,0.042250413
0042500404,3,52,76,2,1,1,3,1,2,3,1,-24,0,0,0,0,0.0,5,5,0,1514.0,1366.0,-0.64912295,0.6666667,0.33333334,0.33333334,0.53846157,0.46153846,0.07692308,0.042250413
0042500404,3,52,79,2,1,1,3,1,2,3,1,-27,0,0,0,0,1.0,5,5,0,1523.0,1357.0,-0.73267925,0.6666667,0.33333334,0.33333334,0.53846157,0.46153846,0.07692308,0.03153669
0042500404,3,52,79,2,1,1,3,1,2,3,1,-27,0,0,0,0,1.0,5,5,0,1546.0,1334.0,-0.7389637,0.6666667,0.33333334,0.33333334,0.53846157,0.46153846,0.07692308,0.03072166
0042500404,3,52,79,2,1,1,3,1,2,3,1,-27,0,0,0,0,0.0,5,5,0,1548.0,1332.0,-0.7395179,0.6666667,0.33333334,0.33333334,0.53846157,0.46153846,0.07692308,0.025947062
0042500404,3,52,79,2,1,1,3,1,2,3,1,-27,0,0,0,0,0.0,5,5,0,1551.0,1329.0,-0.7403515,0.6666667,0.33333334,0.33333334,0.53846157,0.46153846,0.07692308,0.025858913
0042500404,3,52,79,2,1,1,3,1,2,3,1,-27,0,0,0,0,1.0,5,5,0,1551.0,1329.0,-0.7403515,0.6666667,0.33333334,0.33333334,0.53846157,0.46153846,0.07692308,0.03054575
0042500404,3,52,79,2,1,1,3,1,2,3,1,-27,0,0,0,0,1.0,5,5,0,1551.0,1329.0,-0.7403515,0.6666667,0.33333334,0.33333334,0.53846157,0.46153846,0.07692308,0.03054575
0042500404,3,52,79,2,1,1,3,1,2,3,1,-27,0,0,0,0,0.0,5,5,0,1567.0,1313.0,-0.7448453,0.6666667,0.33333334,0.33333334,0.53846157,0.46153846,0.07692308,0.025390944
0042500404,3,52,81,2,1,1,3,1,2,3,1,-29,0,0,0,0,1.0,5,5,0,1580.0,1300.0,-0.8040061,0.6666667,0.33333334,0.33333334,0.53846157,0.46153846,0.07692308,0.021751149
0042500404,3,52,81,2,1,1,3,1,2,3,1,-29,0,1,0,0,1.0,5,5,0,1593.0,1287.0,-0.80805343,0.6666667,0.33333334,0.33333334,0.53846157,0.46153846,0.07692308,0.021602327
0042500404,3,52,81,2,1,1,3,1,2,3,1,-29,0,1,0,0,1.0,5,5,0,1593.0,1287.0,-0.80805343,0.6666667,0.33333334,0.33333334,0.53846157,0.46153846,0.07692308,0.021602327
0042500404,3,53,81,2,1,1,3,1,2,3,1,-28,0,1,0,0,1.0,5,5,0,1593.0,1287.0,-0.7801895,0.6666667,0.33333334,0.33333334,0.53846157,0.46153846,0.07692308,0.025128264
0042500404,3,54,81,2,1,1,3,1,2,3,1,-27,0,1,0,0,1.0,5,5,0,1593.0,1287.0,-0.7523256,0.6666667,0.33333334,0.33333334,0.53846157,0.46153846,0.07692308,0.029212525
0042500404,3,54,81,2,1,1,3,1,2,3,1,-27,0,1,0,0,1.0,5,5,0,1602.0,1278.0,-0.7549679,0.6666667,0.33333334,0.33333334,0.53846157,0.46153846,0.07692308,0.028906703
0042500404,3,54,81,2,1,1,3,1,2,3,1,-27,0,1,0,0,0.0,5,5,0,1605.0,1275.0,-0.7558549,0.6666667,0.33333334,0.33333334,0.53846157,0.46153846,0.07692308,0.024169944
0042500404,3,54,81,2,1,1,3,1,2,3,1,-27,0,1,0,0,0.0,5,5,0,1622.0,1258.0,-0.76094085,0.6666667,0.33333334,0.33333334,0.53846157,0.46153846,0.07692308,0.023679001
0042500404,3,54,81,2,1,1,3,1,2,3,1,-27,0,1,0,0,0.0,5,5,0,1623.0,1257.0,-0.7612432,0.6666667,0.33333334,0.33333334,0.53846157,0.46153846,0.07692308,0.023650264
0042500404,3,54,81,2,1,1,3,1,2,3,1,-27,0,1,0,0,0.0,5,5,0,1623.0,1257.0,-0.7612432,0.6666667,0.33333334,0.33333334,0.53846157,0.46153846,0.07692308,0.023650264
0042500404,3,54,81,2,1,1,3,1,2,3,1,-27,0,1,0,0,0.0,5,5,0,1624.0,1256.0,-0.76154596,0.6666667,0.33333334,0.33333334,0.53846157,0.46153846,0.07692308,0.023621537
0042500404,3,54,81,2,1,1,3,1,2,3,1,-27,0,1,0,0,0.0,5,5,0,1625.0,1255.0,-0.76184905,0.6666667,0.33333334,0.33333334,0.53846157,0.46153846,0.07692308,0.023592822
0042500404,3,54,81,2,1,1,3,1,2,3,1,-27,0,1,0,0,1.0,5,5,0,1626.0,1254.0,-0.76215255,0.6666667,0.33333334,0.33333334,0.53846157,0.46153846,0.07692308,0.02809806
0042500404,3,56,81,2,1,1,3,1,2,3,1,-25,0,1,0,0,0.0,5,5,0,1634.0,1246.0,-0.70795685,0.6666667,0.33333334,0.33333334,0.53846157,0.46153846,0.07692308,0.031798948
0042500404,3,56,81,2,1,1,3,1,2,3,1,-25,0,1,0,0,0.0,5,5,0,1641.0,1239.0,-0.7099523,0.6666667,0.33333334,0.33333334,0.53846157,0.46153846,0.07692308,0.031540398
0042500404,3,56,81,2,1,1,3,1,2,3,1,-25,0,1,0,0,1.0,5,5,0,1643.0,1237.0,-0.7105255,0.6666667,0.33333334,0.33333334,0.53846157,0.46153846,0.07692308,0.037292942
0042500404,3,59,81,2,1,1,3,1,2,3,1,-22,0,1,0,0,0.0,5,5,0,1657.0,1223.0,-0.62882817,0.6666667,0.33333334,0.33333334,0.53846157,0.46153846,0.07692308,0.04893798
0042500404,3,59,81,2,1,1,3,1,2,3,1,-22,0,1,0,0,0.0,5,4,0,1657.0,1223.0,-0.62882817,0.6666667,0.33333334,0.33333334,0.53846157,0.46153846,0.07692308,0.049009413
0042500404,3,59,81,2,1,1,3,1,2,3,1,-22,0,1,0,0,0.0,5,4,0,1657.0,1223.0,-0.62882817,0.6666667,0.33333334,0.33333334,0.53846157,0.46153846,0.07692308,0.049009413
0042500404,3,59,81,2,1,1,3,1,2,3,1,-22,0,1,0,0,0.0,5,4,0,1681.0,1199.0,-0.6350853,0.6666667,0.33333334,0.33333334,0.53846157,0.46153846,0.07692308,0.047697194
0042500404,3,59,81,2,1,1,3,1,2,3,1,-22,0,1,0,0,1.0,5,4,0,1683.0,1197.0,-0.63561517,0.6666667,0.33333334,0.33333334,0.53846157,0.46153846,0.07692308,0.056243118
0042500404,3,59,81,2,1,1,3,1,2,3,1,-22,0,1,0,0,1.0,5,4,0,1696.0,1184.0,-0.6390922,0.6666667,0.33333334,0.33333334,0.53846157,0.46153846,0.07692308,0.055446696
0042500404,3,59,81,2,1,1,3,1,2,3,1,-22,0,1,0,0,0.0,5,4,0,1698.0,1182.0,-0.63963217,0.6666667,0.33333334,0.33333334,0.53846157,0.46153846,0.07692308,0.04677611
0042500404,3,59,81,2,1,1,3,1,2,3,1,-22,0,1,0,0,1.0,5,4,0,1713.0,1167.0,-0.6437263,0.6666667,0.33333334,0.33333334,0.53846157,0.46153846,0.07692308,0.054411087
0042500404,3,59,81,2,1,1,3,1,2,3,1,-22,0,1,0,0,1.0,5,4,0,1713.0,1167.0,-0.6437263,0.6666667,0.33333334,0.33333334,0.53846157,0.46153846,0.07692308,0.054411087
0042500404,3,59,81,2,1,1,3,1,2,3,1,-22,0,1,0,0,1.0,5,4,0,1715.0,1165.0,-0.64427817,0.6666667,0.33333334,0.33333334,0.53846157,0.46153846,0.07692308,0.054289673
0042500404,3,59,81,2,1,1,3,1,2,3,1,-22,0,1,0,0,1.0,5,4,0,1725.0,1155.0,-0.64705884,0.6666667,0.33333334,0.33333334,0.53846157,0.46153846,0.07692308,0.053683996
0042500404,3,59,81,2,1,1,3,1,2,3,1,-22,0,1,0,0,0.0,5,4,0,1726.0,1154.0,-0.64733887,0.6666667,0.33333334,0.33333334,0.53846157,0.46153846,0.07692308,0.045273855
0042500404,3,59,81,2,1,1,3,1,2,3,1,-22,0,1,0,0,0.0,5,4,0,1738.0,1142.0,-0.6507281,0.6666667,0.33333334,0.33333334,0.53846157,0.46153846,0.07692308,0.044635642
0042500404,3,59,81,2,1,1,3,1,2,3,1,-22,0,1,0,0,1.0,5,4,0,1740.0,1140.0,-0.65129817,0.6666667,0.33333334,0.33333334,0.53846157,0.46153846,0.07692308,0.0527797
0042500404,3,62,81,2,1,1,3,1,2,3,1,-19,0,1,0,0,0.0,5,4,0,1750.0,1130.0,-0.56496596,0.6666667,0.33333334,0.33333334,0.53846157,0.46153846,0.07692308,0.070586726
0042500404,3,62,81,2,1,1,3,1,2,3,1,-19,0,1,0,0,0.0,5,4,0,1761.0,1119.0,-0.5677336,0.6666667,0.33333334,0.33333334,0.53846157,0.46153846,0.07692308,0.069749154
0042500404,3,62,81,2,1,1,3,1,2,3,1,-19,0,1,0,0,1.0,5,4,0,1764.0,1116.0,-0.56849545,0.6666667,0.33333334,0.33333334,0.53846157,0.46153846,0.07692308,0.081256226
0042500404,3,62,81,2,1,1,3,1,2,3,1,-19,0,1,0,0,1.0,5,4,0,1777.0,1103.0,-0.5718328,0.6666667,0.33333334,0.33333334,0.53846157,0.46153846,0.07692308,0.08015666
0042500404,3,62,81,2,1,1,3,1,2,3,1,-19,0,1,0,0,0.0,5,4,0,1780.0,1100.0,-0.57261133,0.6666667,0.33333334,0.33333334,0.53846157,0.46153846,0.07692308,0.06830962
0042500404,3,62,81,2,1,1,3,1,2,3,1,-19,0,1,0,0,0.0,5,4,0,1801.0,1079.0,-0.5781516,0.6666667,0.33333334,0.33333334,0.53846157,0.46153846,0.07692308,0.066729024
0042500404,3,62,81,2,1,1,3,1,2,3,1,-19,0,1,0,0,1.0,5,4,0,1804.0,1076.0,-0.57895625,0.6666667,0.33333334,0.33333334,0.53846157,0.46153846,0.07692308,0.077935465
0042500404,3,62,81,2,1,1,3,1,2,3,1,-19,0,1,0,0,1.0,5,4,0,1826.0,1054.0,-0.5849616,0.6666667,0.33333334,0.33333334,0.53846157,0.46153846,0.07692308,0.07617763
0042500404,3,62,81,2,1,1,3,1,2,3,1,-19,0,1,0,0,1.0,5,4,0,1827.0,1053.0,-0.58523905,0.6666667,0.33333334,0.33333334,0.53846157,0.46153846,0.07692308,0.07609789
0042500404,3,62,81,2,1,1,3,1,2,3,1,-19,0,1,0,0,1.0,5,4,0,1827.0,1053.0,-0.58523905,0.6666667,0.33333334,0.33333334,0.53846157,0.46153846,0.07692308,0.07609789
0042500404,3,62,81,2,1,1,3,1,2,3,1,-19,0,1,0,0,1.0,5,4,0,1827.0,1053.0,-0.58523905,0.6666667,0.33333334,0.33333334,0.53846157,0.46153846,0.07692308,0.07609789
0042500404,3,62,81,2,1,1,3,1,2,3,1,-19,0,1,0,0,1.0,5,4,0,1827.0,1053.0,-0.58523905,0.6666667,0.33333334,0.33333334,0.53846157,0.46153846,0.07692308,0.07609789
0042500404,3,62,81,2,1,1,3,1,2,3,1,-19,0,1,0,0,1.0,5,4,0,1827.0,1053.0,-0.58523905,0.6666667,0.33333334,0.33333334,0.53846157,0.46153846,0.07692308,0.07609789
0042500404,3,62,81,2,1,1,3,1,2,3,1,-19,0,1,0,0,1.0,5,4,0,1827.0,1053.0,-0.58523905,0.6666667,0.33333334,0.33333334,0.53846157,0.46153846,0.07692308,0.07609789
0042500404,3,65,81,2,1,1,3,1,2,3,1,-16,0,1,0,0,0.0,5,4,0,1829.0,1051.0,-0.49330112,0.6666667,0.33333334,0.33333334,0.53846157,0.46153846,0.07692308,0.10306347
0042500404,3,65,81,2,1,1,3,1,2,3,1,-16,0,1,0,0,1.0,5,4,0,1850.0,1030.0,-0.49829972,0.6666667,0.33333334,0.33333334,0.53846157,0.46153846,0.07692308,0.1175018
0042500404,3,65,81,2,1,1,3,1,2,3,1,-16,0,1,0,0,1.0,5,4,0,1850.0,1030.0,-0.49829972,0.6666667,0.33333334,0.33333334,0.53846157,0.46153846,0.07692308,0.1175018
0042500404,3,65,81,2,1,1,3,1,2,3,1,-16,0,1,0,0,1.0,5,4,0,1853.0,1027.0,-0.4990263,0.6666667,0.33333334,0.33333334,0.53846157,0.46153846,0.07692308,0.11717608
0042500404,3,65,81,2,1,1,3,1,2,3,1,-16,0,1,0,0,1.0,5,4,0,1856.0,1024.0,-0.49975604,0.6666667,0.33333334,0.33333334,0.53846157,0.46153846,0.07692308,0.1168504
0042500404,3,65,81,2,1,1,3,1,2,3,1,-16,0,2,0,0,1.0,5,4,0,1856.0,1024.0,-0.49975604,0.6666667,0.33333334,0.33333334,0.53846157,0.46153846,0.07692308,0.117724486
0042500404,3,65,81,2,1,1,3,1,2,3,1,-16,0,2,0,0,1.0,5,4,0,1869.0,1011.0,-0.5029557,0.6666667,0.33333334,0.33333334,0.53846157,0.46153846,0.07692308,0.11630295
0042500404,3,65,81,2,1,1,3,1,2,3,1,-16,0,2,0,0,0.0,5,4,0,1872.0,1008.0,-0.5037028,0.6666667,0.33333334,0.33333334,0.53846157,0.46153846,0.07692308,0.09954902
0042500404,3,65,81,2,1,1,3,1,2,3,1,-16,1,2,0,0,0.0,5,4,0,1885.0,995.0,-0.5069794,0.6666667,0.33333334,0.33333334,0.53846157,0.46153846,0.07692308,0.0953637
0042500404,3,65,82,2,1,1,3,1,2,3,1,-17,1,2,0,0,0.0,5,4,0,1885.0,995.0,-0.5386656,0.6666667,0.33333334,0.33333334,0.53846157,0.46153846,0.07692308,0.08156147
0042500404,3,65,82,2,1,1,3,1,2,3,1,-17,1,2,0,0,0.0,5,4,0,1885.0,995.0,-0.5386656,0.6666667,0.33333334,0.33333334,0.53846157,0.46153846,0.07692308,0.08156147
0042500404,3,65,83,2,1,1,3,1,2,3,1,-18,1,2,0,0,1.0,5,4,0,1885.0,995.0,-0.57035184,0.6666667,0.33333334,0.33333334,0.53846157,0.46153846,0.07692308,0.08340311
0042500404,3,65,83,2,1,1,3,1,2,3,1,-18,1,2,0,0,1.0,5,4,0,1897.0,983.0,-0.57381904,0.6666667,0.33333334,0.33333334,0.53846157,0.46153846,0.07692308,0.082345136
0042500404,3,65,83,2,1,1,3,1,2,3,1,-18,1,2,0,0,0.0,5,4,0,1900.0,980.0,-0.57469577,0.6666667,0.33333334,0.33333334,0.53846157,0.46153846,0.07692308,0.06839352
0042500404,3,65,83,2,1,1,3,1,2,3,1,-18,2,2,0,0,0.0,5,4,0,1910.0,970.0,-0.5776475,0.6666667,0.33333334,0.33333334,0.53846157,0.46153846,0.07692308,0.06644003
0042500404,3,65,84,2,1,1,3,1,2,3,1,-19,2,2,0,0,0.0,5,4,0,1910.0,970.0,-0.609739,0.6666667,0.33333334,0.33333334,0.53846157,0.46153846,0.07692308,0.056814115
0042500404,3,65,84,2,1,1,3,1,2,3,1,-19,2,2,0,0,0.0,5,4,0,1910.0,970.0,-0.609739,0.6666667,0.33333334,0.33333334,0.53846157,0.46153846,0.07692308,0.056814115
0042500404,3,65,84,2,1,1,3,1,2,3,1,-19,2,2,0,0,0.0,5,4,0,1910.0,970.0,-0.609739,0.6666667,0.33333334,0.33333334,0.53846157,0.46153846,0.07692308,0.056814115
0042500404,3,65,85,2,1,1,3,1,2,3,1,-20,2,2,0,0,1.0,5,4,0,1910.0,970.0,-0.64183056,0.6666667,0.33333334,0.33333334,0.53846157,0.46153846,0.07692308,0.0590766
0042500404,3,67,85,2,1,1,3,1,2,3,1,-18,2,2,0,0,1.0,5,4,0,1928.0,952.0,-0.5830772,0.6666667,0.33333334,0.33333334,0.53846157,0.46153846,0.07692308,0.07930675
0042500404,3,67,85,2,1,1,3,1,2,3,1,-18,2,3,0,0,1.0,5,4,0,1928.0,952.0,-0.5830772,0.6666667,0.33333334,0.33333334,0.53846157,0.46153846,0.07692308,0.07871984
0042500404,3,68,85,2,1,1,3,1,2,3,1,-17,2,3,0,0,0.0,5,4,0,1928.0,952.0,-0.55068403,0.6666667,0.33333334,0.33333334,0.53846157,0.46153846,0.07692308,0.07601738
0042500404,3,68,87,2,1,1,3,1,2,3,1,-19,2,3,0,0,1.0,5,4,0,1944.0,936.0,-0.6207029,0.6666667,0.33333334,0.33333334,0.53846157,0.46153846,0.07692308,0.06582633
0042500404,3,70,87,2,1,1,3,1,2,3,1,-17,2,3,0,0,0.0,5,4,0,1967.0,913.0,-0.56231004,0.6666667,0.33333334,0.33333334,0.53846157,0.46153846,0.07692308,0.07268623
0042500404,3,70,87,2,1,1,3,1,2,3,1,-17,2,3,0,0,0.0,5,4,0,1981.0,899.0,-0.56666666,0.6666667,0.33333334,0.33333334,0.53846157,0.46153846,0.07692308,0.071485035
0042500404,3,70,87,2,1,1,3,1,2,3,1,-17,2,3,0,0,1.0,5,4,0,1982.0,898.0,-0.56698173,0.6666667,0.33333334,0.33333334,0.53846157,0.46153846,0.07692308,0.086607166
0042500404,3,70,87,2,1,1,3,1,2,3,1,-17,2,3,0,0,1.0,4,4,0,1982.0,898.0,-0.56698173,0.6666667,0.33333334,0.33333334,0.53846157,0.46153846,0.07692308,0.07264949
0042500404,3,70,87,2,1,1,3,1,2,3,1,-17,2,3,0,0,1.0,4,4,0,1982.0,898.0,-0.56698173,0.6666667,0.33333334,0.33333334,0.53846157,0.46153846,0.07692308,0.07264949
0042500404,3,70,87,2,1,1,3,1,2,3,1,-17,2,3,0,0,1.0,4,4,0,1982.0,898.0,-0.56698173,0.6666667,0.33333334,0.33333334,0.53846157,0.46153846,0.07692308,0.07264949
0042500404,3,72,87,2,1,1,3,1,2,3,1,-15,2,3,0,0,0.0,4,4,0,1997.0,883.0,-0.5045046,0.6666667,0.33333334,0.33333334,0.53846157,0.46153846,0.07692308,0.082234256
0042500404,3,72,87,2,1,1,3,1,2,3,1,-15,2,3,0,0,0.0,4,4,0,2015.0,865.0,-0.50972074,0.6666667,0.33333334,0.33333334,0.53846157,0.46153846,0.07692308,0.08065103
0042500404,3,72,87,2,1,1,3,1,2,3,1,-15,2,3,0,0,0.0,4,4,0,2017.0,863.0,-0.51031035,0.6666667,0.33333334,0.33333334,0.53846157,0.46153846,0.07692308,0.08047512
0042500404,3,72,87,2,1,1,3,1,2,3,1,-15,2,3,0,0,0.0,4,4,0,2021.0,859.0,-0.51149577,0.6666667,0.33333334,0.33333334,0.53846157,0.46153846,0.07692308,0.08012336
0042500404,3,72,87,2,1,1,3,1,2,3,1,-15,2,3,0,0,0.0,4,4,0,2024.0,856.0,-0.51239026,0.6666667,0.33333334,0.33333334,0.53846157,0.46153846,0.07692308,0.07985952
0042500404,3,72,87,2,1,1,3,1,2,3,1,-15,2,3,0,0,0.0,4,4,0,2026.0,854.0,-0.51298916,0.6666667,0.33333334,0.33333334,0.53846157,0.46153846,0.07692308,0.07968364
0042500404,3,72,87,2,1,1,3,1,2,3,1,-15,2,3,0,0,1.0,4,4,0,2027.0,853.0,-0.51328945,0.6666667,0.33333334,0.33333334,0.53846157,0.46153846,0.07692308,0.094664864
0042500404,3,72,87,2,1,1,3,1,2,3,1,-15,2,3,0,0,0.0,4,4,0,2039.0,841.0,-0.51693416,0.6666667,0.33333334,0.33333334,0.53846157,0.46153846,0.07692308,0.078531116
0042500404,3,72,87,2,1,1,3,1,2,3,1,-15,2,3,0,0,0.0,4,4,0,2039.0,841.0,-0.51693416,0.6666667,0.33333334,0.33333334,0.53846157,0.46153846,0.07692308,0.078531116
0042500404,3,72,87,2,1,1,3,1,2,3,1,-15,2,3,0,0,0.0,4,4,0,2042.0,838.0,-0.5178575,0.6666667,0.33333334,0.33333334,0.53846157,0.46153846,0.07692308,0.07826038
0042500404,3,72,87,2,1,1,3,1,2,3,1,-15,2,3,0,0,0.0,4,4,0,2043.0,837.0,-0.5181664,0.6666667,0.33333334,0.33333334,0.53846157,0.46153846,0.07692308,0.07817015
0042500404,3,72,87,2,1,1,3,1,2,3,1,-15,3,3,0,0,0.0,4,4,0,2043.0,837.0,-0.5181664,0.6666667,0.33333334,0.33333334,0.53846157,0.46153846,0.07692308,0.07564872
0042500404,3,72,90,2,1,1,3,1,2,3,1,-18,3,3,0,0,1.0,4,4,0,2054.0,826.0,-0.6259213,0.6666667,0.33333334,0.33333334,0.53846157,0.46153846,0.07692308,0.0555651
0042500404,3,72,90,2,1,1,3,1,2,3,1,-18,3,3,0,0,1.0,4,4,0,2083.0,797.0,-0.6371931,0.6666667,0.33333334,0.33333334,0.53846157,0.46153846,0.07692308,0.053459544
0042500404,3,72,90,2,1,1,3,1,2,3,1,-18,3,3,0,0,0.0,4,4,0,2085.0,795.0,-0.6379931,0.6666667,0.33333334,0.33333334,0.53846157,0.46153846,0.07692308,0.044074494
0042500404,3,72,90,2,1,1,3,1,2,3,1,-18,3,3,0,0,1.0,4,4,0,2091.0,789.0,-0.64041126,0.6666667,0.33333334,0.33333334,0.53846157,0.46153846,0.07692308,0.05287992
0042500404,3,75,90,2,1,1,3,1,2,3,1,-15,3,3,0,0,0.0,4,4,0,2106.0,773.0,-0.5390942,0.6666667,0.33333334,0.33333334,0.53846157,0.46153846,0.07692308,0.07024886
0042500404,3,75,90,2,1,1,3,1,2,3,1,-15,3,3,0,0,1.0,4,4,0,2127.0,753.0,-0.5462678,0.6666667,0.33333334,0.33333334,0.53846157,0.46153846,0.07692308,0.08275846
0042500404,3,75,90,2,1,1,3,1,2,3,1,-15,3,3,0,0,1.0,4,4,0,2127.0,753.0,-0.5462678,0.6666667,0.33333334,0.33333334,0.53846157,0.46153846,0.07692308,0.08275846
0042500404,3,75,90,2,1,1,3,1,2,3,1,-15,3,3,0,0,1.0,4,4,0,2127.0,753.0,-0.5462678,0.6666667,0.33333334,0.33333334,0.53846157,0.46153846,0.07692308,0.08275846
0042500404,3,75,90,2,1,1,3,1,2,3,1,-15,3,3,0,0,1.0,4,4,0,2143.0,736.0,-0.5521951,0.6666667,0.33333334,0.33333334,0.53846157,0.46153846,0.07692308,0.08106537
0042500404,3,75,90,2,1,1,3,1,2,3,1,-15,3,3,0,0,1.0,4,4,0,2143.0,736.0,-0.5521951,0.6666667,0.33333334,0.33333334,0.53846157,0.46153846,0.07692308,0.08106537
0042500404,3,75,90,2,1,1,3,1,2,3,1,-15,3,3,0,0,1.0,4,4,0,2145.0,734.0,-0.5530577,0.6666667,0.33333334,0.33333334,0.53846157,0.46153846,0.07692308,0.08084042
0042500404,3,75,90,2,1,1,3,1,2,3,1,-15,3,3,0,0,0.0,4,4,0,2149.0,730.0,-0.5545296,0.6666667,0.33333334,0.33333334,0.53846157,0.46153846,0.07692308,0.06662912
0042500404,3,75,90,2,1,1,3,1,2,3,1,-15,3,3,0,0,0.0,4,4,0,2149.0,730.0,-0.5545296,0.6666667,0.33333334,0.33333334,0.53846157,0.46153846,0.07692308,0.06662912
0042500404,3,75,90,2,1,1,3,1,2,3,1,-15,3,3,0,0,0.0,4,4,0,2159.0,720.0,-0.5583969,0.6666667,0.33333334,0.33333334,0.53846157,0.46153846,0.07692308,0.06576097
0042500404,3,75,90,2,1,1,3,1,2,3,1,-15,3,3,0,0,0.0,4,4,0,2159.0,720.0,-0.5585905,0.6666667,0.33333334,0.33333334,0.53846157,0.46153846,0.07692308,0.06573439
0042500404,3,75,90,2,1,1,3,1,2,3,1,-15,3,3,0,0,0.0,4,4,0,2160.0,720.0,-0.5586292,0.6666667,0.33333334,0.33333334,0.53846157,0.46153846,0.07692308,0.065729074
0042500404,4,75,90,2,1,1,3,1,2,3,1,-15,0,0,0,0,0.0,4,4,0,2160.0,720.0,-0.5586292,0.6666667,0.33333334,0.33333334,0.53846157,0.46153846,0.07692308,0.06266755
0042500404,4,75,90,2,1,1,3,1,2,3,1,-15,0,0,0,0,0.0,4,4,0,2172.0,708.0,-0.56333685,0.6666667,0.33333334,0.33333334,0.53846157,0.46153846,0.07692308,0.06171532
0042500404,4,75,90,2,1,1,3,1,2,3,1,-15,0,0,0,0,0.0,4,4,0,2172.0,708.0,-0.56333685,0.6666667,0.33333334,0.33333334,0.53846157,0.46153846,0.07692308,0.06171532
0042500404,4,75,90,2,1,1,3,1,2,3,1,-15,0,0,0,0,0.0,4,4,0,2173.0,707.0,-0.56373453,0.6666667,0.33333334,0.33333334,0.53846157,0.46153846,0.07692308,0.06163589
0042500404,4,75,90,2,1,1,3,1,2,3,1,-15,0,0,0,0,1.0,4,4,0,2174.0,706.0,-0.56413305,0.6666667,0.33333334,0.33333334,0.53846157,0.46153846,0.07692308,0.075067796
0042500404,4,75,90,2,1,1,3,1,2,3,1,-15,0,0,0,0,1.0,3,4,0,2174.0,706.0,-0.56413305,0.6666667,0.33333334,0.33333334,0.53846157,0.46153846,0.07692308,0.062929064
0042500404,4,75,90,2,1,1,3,1,2,3,1,-15,0,0,0,0,1.0,3,4,0,2174.0,706.0,-0.56413305,0.6666667,0.33333334,0.33333334,0.53846157,0.46153846,0.07692308,0.062929064
0042500404,4,75,90,2,1,1,3,1,2,3,1,-15,0,0,0,0,1.0,3,4,0,2190.0,690.0,-0.5706269,0.6666667,0.33333334,0.33333334,0.53846157,0.46153846,0.07692308,0.061601236
0042500404,4,75,90,2,1,1,3,1,2,3,1,-15,0,0,0,0,1.0,3,4,0,2190.0,690.0,-0.5706269,0.6666667,0.33333334,0.33333334,0.53846157,0.46153846,0.07692308,0.061601236
0042500404,4,75,90,2,1,1,3,1,2,3,1,-15,0,0,0,0,0.0,3,4,0,2193.0,687.0,-0.5718696,0.6666667,0.33333334,0.33333334,0.53846157,0.46153846,0.07692308,0.050292466
0042500404,4,75,92,2,1,1,3,1,2,3,1,-17,0,0,0,0,1.0,3,4,0,2210.0,670.0,-0.6562777,0.6666667,0.33333334,0.33333334,0.53846157,0.46153846,0.07692308,0.042456932
0042500404,4,75,92,2,1,1,3,1,2,3,1,-17,0,0,0,0,1.0,3,4,0,2233.0,647.0,-0.6678231,0.6666667,0.33333334,0.33333334,0.53846157,0.46153846,0.07692308,0.04095722
0042500404,4,75,92,2,1,1,3,1,2,3,1,-17,0,0,0,0,0.0,3,4,0,2235.0,645.0,-0.668856,0.6666667,0.33333334,0.33333334,0.53846157,0.46153846,0.07692308,0.033458274
0042500404,4,75,92,2,1,1,3,1,2,3,1,-17,0,0,0,0,0.0,3,4,0,2239.0,641.0,-0.67093647,0.6666667,0.33333334,0.33333334,0.53846157,0.46153846,0.07692308,0.03324261
0042500404,4,75,92,2,1,1,3,1,2,3,1,-17,0,0,0,0,0.0,3,4,0,2240.0,640.0,-0.6714596,0.6666667,0.33333334,0.33333334,0.53846157,0.46153846,0.07692308,0.03318869
0042500404,4,75,92,2,1,1,3,1,2,3,1,-17,0,0,0,0,0.0,3,4,0,2240.0,640.0,-0.6714596,0.6666667,0.33333334,0.33333334,0.53846157,0.46153846,0.07692308,0.03318869
0042500404,4,75,92,2,1,1,3,1,2,3,1,-17,0,0,0,0,0.0,3,4,0,2241.0,639.0,-0.671984,0.6666667,0.33333334,0.33333334,0.53846157,0.46153846,0.07692308,0.03313475
0042500404,4,75,92,2,1,1,3,1,2,3,1,-17,1,0,0,0,0.0,3,4,0,2243.0,637.0,-0.67303646,0.6666667,0.33333334,0.33333334,0.53846157,0.46153846,0.07692308,0.032378174
0042500404,4,75,93,2,1,1,3,1,2,3,1,-18,1,0,0,0,0.0,3,4,0,2243.0,637.0,-0.7126268,0.6666667,0.33333334,0.33333334,0.53846157,0.46153846,0.07692308,0.027101971
0042500404,4,75,93,2,1,1,3,1,2,3,1,-18,1,0,0,0,0.0,3,4,0,2243.0,637.0,-0.7126268,0.6666667,0.33333334,0.33333334,0.53846157,0.46153846,0.07692308,0.027101971
0042500404,4,75,93,2,1,1,3,1,2,3,1,-18,1,0,0,0,0.0,3,4,0,2243.0,637.0,-0.7126268,0.6666667,0.33333334,0.33333334,0.53846157,0.46153846,0.07692308,0.027101971
0042500404,4,75,93,2,1,1,3,1,2,3,1,-18,1,0,0,0,1.0,3,4,0,2245.0,635.0,-0.7137464,0.6666667,0.33333334,0.33333334,0.53846157,0.46153846,0.07692308,0.033005863
0042500404,4,75,93,2,1,1,3,1,2,3,1,-18,1,0,0,0,1.0,3,4,0,2256.0,624.0,-0.72,0.6666667,0.33333334,0.33333334,0.53846157,0.46153846,0.07692308,0.03238616
0042500404,4,75,93,2,1,1,3,1,2,3,1,-18,1,0,0,0,0.0,3,4,0,2259.0,621.0,-0.7217342,0.6666667,0.33333334,0.33333334,0.53846157,0.46153846,0.07692308,0.026359156
0042500404,4,75,93,2,1,1,3,1,2,3,1,-18,1,0,0,0,0.0,3,4,0,2270.0,610.0,-0.72820204,0.6666667,0.33333334,0.33333334,0.53846157,0.46153846,0.07692308,0.02583652
0042500404,4,75,93,2,1,1,3,1,2,3,1,-18,1,0,0,0,1.0,3,4,0,2271.0,609.0,-0.7287987,0.6666667,0.33333334,0.33333334,0.53846157,0.46153846,0.07692308,0.031540558
0042500404,4,75,93,2,1,1,3,1,2,3,1,-18,1,0,0,0,1.0,3,4,0,2283.0,597.0,-0.73607475,0.6666667,0.33333334,0.33333334,0.53846157,0.46153846,0.07692308,0.030848775
0042500404,4,75,93,2,1,1,3,1,2,3,1,-18,1,0,0,0,0.0,3,4,0,2286.0,594.0,-0.73792803,0.6666667,0.33333334,0.33333334,0.53846157,0.46153846,0.07692308,0.025076501
0042500404,4,75,93,2,1,1,3,1,2,3,1,-18,2,0,0,0,0.0,3,4,0,2294.0,586.0,-0.74293953,0.6666667,0.33333334,0.33333334,0.53846157,0.46153846,0.07692308,0.024146955
0042500404,4,75,93,2,1,1,3,1,2,3,1,-18,2,0,0,0,0.0,3,4,0,2294.0,586.0,-0.74293953,0.6666667,0.33333334,0.33333334,0.53846157,0.46153846,0.07692308,0.024146955
0042500404,4,75,93,2,1,1,3,1,2,3,1,-18,2,0,0,0,0.0,3,4,0,2294.0,586.0,-0.74293953,0.6666667,0.33333334,0.33333334,0.53846157,0.46153846,0.07692308,0.024146955
0042500404,4,75,93,2,1,1,3,1,2,3,1,-18,2,0,0,0,0.0,3,4,0,2294.0,586.0,-0.74293953,0.6666667,0.33333334,0.33333334,0.53846157,0.46153846,0.07692308,0.024146955
0042500404,4,75,93,2,1,1,3,1,2,3,1,-18,2,0,0,0,0.0,3,4,0,2302.0,578.0,-0.74805444,0.6666667,0.33333334,0.33333334,0.53846157,0.46153846,0.07692308,0.023775231
0042500404,4,75,93,2,1,1,3,1,2,3,1,-18,2,0,0,0,0.0,3,4,0,2304.0,576.0,-0.74934983,0.6666667,0.33333334,0.33333334,0.53846157,0.46153846,0.07692308,0.023682302
0042500404,4,75,93,2,1,1,3,1,2,3,1,-18,2,0,0,0,0.0,3,4,0,2304.0,576.0,-0.74934983,0.6666667,0.33333334,0.33333334,0.53846157,0.46153846,0.07692308,0.023682302
0042500404,4,75,93,2,1,1,3,1,2,3,1,-18,2,0,0,0,0.0,3,4,0,2306.0,574.0,-0.7506519,0.6666667,0.33333334,0.33333334,0.53846157,0.46153846,0.07692308,0.023589363
0042500404,4,75,95,2,1,1,3,1,2,3,1,-20,2,0,0,0,1.0,3,4,0,2307.0,573.0,-0.83478385,0.6666667,0.33333334,0.33333334,0.53846157,0.46153846,0.07692308,0.019850856
0042500404,4,78,95,2,1,1,3,1,2,3,1,-17,2,0,0,0,0.0,3,4,0,2324.0,556.0,-0.72031313,0.6666667,0.33333334,0.33333334,0.53846157,0.46153846,0.07692308,0.027443964
0042500404,4,78,95,2,1,1,3,1,2,3,1,-17,3,0,0,0,0.0,3,4,0,2341.0,539.0,-0.7315635,0.6666667,0.33333334,0.33333334,0.53846157,0.46153846,0.07692308,0.02594481
0042500404,4,78,95,2,1,1,3,1,2,3,1,-17,3,0,0,0,0.0,3,4,0,2341.0,539.0,-0.7315635,0.6666667,0.33333334,0.33333334,0.53846157,0.46153846,0.07692308,0.02594481
0042500404,4,78,95,2,1,1,3,1,2,3,1,-17,3,0,0,0,0.0,3,4,0,2349.0,531.0,-0.7370435,0.6666667,0.33333334,0.33333334,0.53846157,0.46153846,0.07692308,0.025525361
0042500404,4,78,95,2,1,1,3,1,2,3,1,-17,3,0,0,0,1.0,3,4,0,2352.0,528.0,-0.73913044,0.6666667,0.33333334,0.33333334,0.53846157,0.46153846,0.07692308,0.03102995
0042500404,4,80,95,2,1,1,3,1,2,3,1,-15,3,0,0,0,0.0,3,4,0,2356.0,524.0,-0.65465367,0.6666667,0.33333334,0.33333334,0.53846157,0.46153846,0.07692308,0.036729697
0042500404,4,80,95,2,1,1,3,1,2,3,1,-15,3,0,0,0,0.0,3,3,0,2357.0,523.0,-0.655278,0.6666667,0.33333334,0.33333334,0.53846157,0.46153846,0.07692308,0.037243087
0042500404,4,80,95,2,1,1,3,1,2,3,1,-15,3,0,0,0,0.0,3,3,0,2357.0,523.0,-0.655278,0.6666667,0.33333334,0.33333334,0.53846157,0.46153846,0.07692308,0.037243087
0042500404,4,80,95,2,1,1,3,1,2,3,1,-15,3,0,0,0,0.0,3,3,0,2357.0,523.0,-0.655278,0.6666667,0.33333334,0.33333334,0.53846157,0.46153846,0.07692308,0.037243087
0042500404,4,80,95,2,1,1,3,1,2,3,1,-15,3,0,0,0,0.0,3,3,0,2379.0,501.0,-0.66948277,0.6666667,0.33333334,0.33333334,0.53846157,0.46153846,0.07692308,0.035647113
0042500404,4,80,95,2,1,1,3,1,2,3,1,-15,3,0,0,0,1.0,3,3,0,2381.0,499.0,-0.6708204,0.6666667,0.33333334,0.33333334,0.53846157,0.46153846,0.07692308,0.04325987
0042500404,4,80,95,2,1,1,3,1,2,3,1,-15,3,0,0,0,0.0,3,3,0,2382.0,498.0,-0.6714922,0.6666667,0.33333334,0.33333334,0.53846157,0.46153846,0.07692308,0.035428844
0042500404,4,80,95,2,1,1,3,1,2,3,1,-15,3,0,0,0,0.0,3,3,0,2382.0,498.0,-0.6714922,0.6666667,0.33333334,0.33333334,0.53846157,0.46153846,0.07692308,0.035428844
0042500404,4,80,95,2,1,1,3,1,2,3,1,-15,4,0,0,0,0.0,3,3,0,2393.0,487.0,-0.6790181,0.6666667,0.33333334,0.33333334,0.53846157,0.46153846,0.07692308,0.034085438
0042500404,4,80,95,2,1,1,3,1,2,3,1,-15,4,0,0,0,0.0,3,3,0,2406.0,474.0,-0.6882472,0.6666667,0.33333334,0.33333334,0.53846157,0.46153846,0.07692308,0.03312334
0042500404,4,80,95,2,1,1,3,1,2,3,1,-15,4,0,0,0,0.0,3,3,0,2407.0,473.0,-0.68897283,0.6666667,0.33333334,0.33333334,0.53846157,0.46153846,0.07692308,0.033049256
0042500404,4,80,95,2,1,1,3,1,2,3,1,-15,4,0,0,0,1.0,3,3,0,2407.0,473.0,-0.68897283,0.6666667,0.33333334,0.33333334,0.53846157,0.46153846,0.07692308,0.040276133
0042500404,4,83,95,2,1,1,3,1,2,3,1,-12,4,0,0,0,0.0,3,3,0,2432.0,448.0,-0.566315,0.6666667,0.33333334,0.33333334,0.53846157,0.46153846,0.07692308,0.057715278
0042500404,4,83,95,2,1,1,3,1,2,3,1,-12,5,0,1,0,0.0,3,3,0,2446.0,434.0,-0.57535595,0.6666667,0.33333334,0.33333334,0.53846157,0.46153846,0.07692308,0.055843174
0042500404,4,83,96,2,1,1,3,1,2,3,1,-13,5,0,1,0,0.0,3,3,0,2446.0,434.0,-0.6233023,0.6666667,0.33333334,0.33333334,0.53846157,0.46153846,0.07692308,0.04580369
0042500404,4,83,96,2,1,1,3,1,2,3,1,-13,5,0,1,0,0.0,3,3,0,2446.0,434.0,-0.6233023,0.6666667,0.33333334,0.33333334,0.53846157,0.46153846,0.07692308,0.04580369
0042500404,4,83,96,2,1,1,3,1,2,3,1,-13,5,0,1,0,0.0,3,3,0,2446.0,434.0,-0.6233023,0.6666667,0.33333334,0.33333334,0.53846157,0.46153846,0.07692308,0.04580369
0042500404,4,83,97,2,1,1,3,1,2,3,1,-14,5,0,1,0,1.0,3,3,0,2446.0,434.0,-0.6712486,0.6666667,0.33333334,0.33333334,0.53846157,0.46153846,0.07692308,0.044664264
0042500404,4,86,97,2,1,1,3,1,2,3,1,-11,5,0,1,0,0.0,3,3,0,2457.0,423.0,-0.5342072,0.6666667,0.33333334,0.33333334,0.53846157,0.46153846,0.07692308,0.066650294
0042500404,4,86,97,2,1,1,3,1,2,3,1,-11,5,0,1,0,1.0,3,3,0,2473.0,407.0,-0.5445812,0.6666667,0.33333334,0.33333334,0.53846157,0.46153846,0.07692308,0.07684151
0042500404,4,86,97,2,1,1,3,1,2,3,1,-11,5,0,1,0,1.0,3,3,0,2473.0,407.0,-0.5445812,0.6666667,0.33333334,0.33333334,0.53846157,0.46153846,0.07692308,0.07684151
0042500404,4,88,97,2,1,1,3,1,2,3,1,-9,5,0,1,0,0.0,3,3,0,2485.0,395.0,-0.45226702,0.6666667,0.33333334,0.33333334,0.53846157,0.46153846,0.07692308,0.09409814
0042500404,4,88,97,2,1,1,3,1,2,3,1,-9,6,0,1,0,0.0,3,3,0,2496.0,384.0,-0.45868248,0.6666667,0.33333334,0.33333334,0.53846157,0.46153846,0.07692308,0.091700524
0042500404,4,88,98,2,1,1,3,1,2,3,1,-10,6,0,1,0,0.0,3,3,0,2496.0,384.0,-0.5096472,0.6666667,0.33333334,0.33333334,0.53846157,0.46153846,0.07692308,0.07443203
0042500404,4,88,98,2,1,1,3,1,2,3,1,-10,6,0,1,0,0.0,3,3,0,2496.0,384.0,-0.5096472,0.6666667,0.33333334,0.33333334,0.53846157,0.46153846,0.07692308,0.07443203
0042500404,4,88,99,2,1,1,3,1,2,3,1,-11,6,0,1,0,1.0,3,3,0,2496.0,384.0,-0.5606119,0.6666667,0.33333334,0.33333334,0.53846157,0.46153846,0.07692308,0.07229111
0042500404,4,88,99,2,1,1,3,1,2,3,1,-11,6,1,1,0,1.0,3,3,0,2511.0,369.0,-0.57186276,0.6666667,0.33333334,0.33333334,0.53846157,0.46153846,0.07692308,0.068063736
0042500404,4,89,99,2,1,1,3,1,2,3,1,-10,6,1,1,0,1.0,3,3,0,2511.0,369.0,-0.5198752,0.6666667,0.33333334,0.33333334,0.53846157,0.46153846,0.07692308,0.08340522
0042500404,4,90,99,2,1,1,3,1,2,3,1,-9,6,1,1,0,0.0,3,3,0,2511.0,369.0,-0.46788773,0.6666667,0.33333334,0.33333334,0.53846157,0.46153846,0.07692308,0.08611623
0042500404,4,90,99,2,1,1,3,1,2,3,1,-9,6,1,1,0,0.0,3,3,0,2522.0,358.0,-0.47500184,0.6666667,0.33333334,0.33333334,0.53846157,0.46153846,0.07692308,0.08440073
0042500404,4,90,99,2,1,1,3,1,2,3,1,-9,6,1,1,0,1.0,3,3,0,2525.0,355.0,-0.47699904,0.6666667,0.33333334,0.33333334,0.53846157,0.46153846,0.07692308,0.09906894
0042500404,4,90,99,2,1,1,3,1,2,3,1,-9,6,1,1,0,0.0,3,3,0,2532.0,348.0,-0.48175895,0.6666667,0.33333334,0.33333334,0.53846157,0.46153846,0.07692308,0.08281733
0042500404,4,90,99,2,1,1,3,1,2,3,1,-9,6,1,1,0,0.0,3,3,0,2532.0,348.0,-0.48175895,0.6666667,0.33333334,0.33333334,0.53846157,0.46153846,0.07692308,0.08281733
0042500404,4,90,99,2,1,1,3,1,2,3,1,-9,6,1,1,0,0.0,3,3,0,2536.0,344.0,-0.4845437,0.6666667,0.33333334,0.33333334,0.53846157,0.46153846,0.07692308,0.08217725
0042500404,4,90,99,2,1,1,3,1,2,3,1,-9,6,1,1,0,1.0,3,3,0,2539.0,341.0,-0.48666427,0.6666667,0.33333334,0.33333334,0.53846157,0.46153846,0.07692308,0.09656551
0042500404,4,92,99,2,1,1,3,1,2,3,1,-7,6,1,1,0,0.0,3,3,0,2560.0,320.0,-0.3907019,0.6666667,0.33333334,0.33333334,0.53846157,0.46153846,0.07692308,0.12141774
0042500404,4,92,99,2,1,1,3,1,2,3,1,-7,6,1,1,0,0.0,3,3,0,2583.0,297.0,-0.4054991,0.6666667,0.33333334,0.33333334,0.53846157,0.46153846,0.07692308,0.11634597
0042500404,4,92,99,2,1,1,3,1,2,3,1,-7,6,1,1,0,1.0,3,3,0,2586.0,294.0,-0.40755576,0.6666667,0.33333334,0.33333334,0.53846157,0.46153846,0.07692308,0.13672385
0042500404,4,95,99,2,1,1,3,1,2,3,1,-4,6,1,1,0,0.0,3,3,0,2606.0,274.0,-0.24120907,0.6666667,0.33333334,0.33333334,0.53846157,0.46153846,0.07692308,0.23354423
0042500404,4,95,99,2,1,1,3,1,2,3,1,-4,6,1,1,0,0.0,3,2,0,2608.0,272.0,-0.24209101,0.6666667,0.33333334,0.33333334,0.53846157,0.46153846,0.07692308,0.261478
0042500404,4,95,99,2,1,1,3,1,2,3,1,-4,6,1,1,0,0.0,3,2,0,2608.0,272.0,-0.24209101,0.6666667,0.33333334,0.33333334,0.53846157,0.46153846,0.07692308,0.261478
0042500404,4,95,102,2,1,1,3,1,2,3,1,-7,6,1,1,0,1.0,3,2,0,2629.0,251.0,-0.44095856,0.6666667,0.33333334,0.33333334,0.53846157,0.46153846,0.07692308,0.13161016
0042500404,4,97,102,2,1,1,3,1,2,3,1,-5,6,1,1,0,0.0,3,2,0,2651.0,229.0,-0.32969025,0.6666667,0.33333334,0.33333334,0.53846157,0.46153846,0.07692308,0.18365256
0042500404,4,97,104,2,1,1,3,1,2,3,1,-7,6,1,1,0,1.0,3,2,0,2669.0,211.0,-0.48076198,0.6666667,0.33333334,0.33333334,0.53846157,0.46153846,0.07692308,0.11850898
0042500404,4,100,104,2,1,1,3,1,2,3,1,-4,6,1,1,0,0.0,3,2,0,2693.0,187.0,-0.29173,0.6666667,0.33333334,0.33333334,0.53846157,0.46153846,0.07692308,0.22528462
0042500404,4,100,104,2,1,1,3,1,2,3,1,-4,6,1,1,0,0.0,3,2,0,2717.0,163.0,-0.31234753,0.6666667,0.33333334,0.33333334,0.53846157,0.46153846,0.07692308,0.2117052
0042500404,4,100,104,2,1,1,3,1,2,3,1,-4,6,1,1,0,1.0,3,2,0,2718.0,162.0,-0.3133042,0.6666667,0.33333334,0.33333334,0.53846157,0.46153846,0.07692308,0.24042979
0042500404,4,100,104,2,1,1,3,1,2,3,1,-4,6,1,1,0,1.0,3,2,0,2718.0,162.0,-0.3133042,0.6666667,0.33333334,0.33333334,0.53846157,0.46153846,0.07692308,0.24042979
0042500404,4,103,104,2,1,1,3,1,2,3,1,-1,6,1,1,0,0.0,3,2,0,2739.0,141.0,-0.08391814,0.6666667,0.33333334,0.33333334,0.53846157,0.46153846,0.07692308,0.54304844
0042500404,4,103,104,2,1,1,3,1,2,3,1,-1,6,1,1,0,1.0,3,2,0,2760.0,120.0,-0.09090909,0.6666667,0.33333334,0.33333334,0.53846157,0.46153846,0.07692308,0.5946034
0042500404,4,103,104,2,1,1,3,1,2,3,1,-1,6,1,1,0,1.0,3,2,0,2760.0,120.0,-0.09090909,0.6666667,0.33333334,0.33333334,0.53846157,0.46153846,0.07692308,0.5946034
0042500404,4,103,104,2,1,1,3,1,2,3,1,-1,6,1,1,0,1.0,3,2,0,2763.0,117.0,-0.09205746,0.6666667,0.33333334,0.33333334,0.53846157,0.46153846,0.07692308,0.59322697
0042500404,4,103,104,2,1,1,3,1,2,3,1,-1,6,1,1,0,0.0,3,2,0,2766.0,114.0,-0.09325048,0.6666667,0.33333334,0.33333334,0.53846157,0.46153846,0.07692308,0.5308992
0042500404,4,103,104,2,1,1,3,1,2,3,1,-1,7,1,1,0,0.0,3,2,0,2773.0,107.0,-0.096225046,0.6666667,0.33333334,0.33333334,0.53846157,0.46153846,0.07692308,0.5228412
0042500404,4,103,104,2,1,1,3,1,2,3,1,-1,7,1,1,0,0.0,3,2,0,2773.0,107.0,-0.096225046,0.6666667,0.33333334,0.33333334,0.53846157,0.46153846,0.07692308,0.5228412
0042500404,4,103,104,2,1,1,3,1,2,3,1,-1,7,1,1,0,0.0,3,2,0,2773.0,107.0,-0.096225046,0.6666667,0.33333334,0.33333334,0.53846157,0.46153846,0.07692308,0.5228412
0042500404,4,103,104,2,1,1,3,1,2,3,1,-1,7,1,1,0,0.0,3,2,0,2773.0,107.0,-0.096225046,0.6666667,0.33333334,0.33333334,0.53846157,0.46153846,0.07692308,0.5228412
0042500404,4,103,104,2,1,1,3,1,2,3,1,-1,7,1,1,0,1.0,3,2,0,2775.0,105.0,-0.097128585,0.6666667,0.33333334,0.33333334,0.53846157,0.46153846,0.07692308,0.58492726
0042500404,4,105,104,2,1,1,3,1,2,3,1,1,7,1,1,0,0.0,3,2,0,2798.0,82.0,0.10976426,0.6666667,0.33333334,0.33333334,0.53846157,0.46153846,0.07692308,0.7840611
0042500404,4,105,104,2,1,1,3,1,2,3,1,1,7,1,1,0,1.0,3,2,0,2818.0,62.0,0.12598816,0.6666667,0.33333334,0.33333334,0.53846157,0.46153846,0.07692308,0.82123625
0042500404,4,105,104,2,1,1,3,1,2,3,1,1,7,1,1,0,1.0,3,2,0,2840.0,39.0,0.15772007,0.6666667,0.33333334,0.33333334,0.53846157,0.46153846,0.07692308,0.8338439
0042500404,4,105,104,2,1,1,3,1,2,3,1,1,7,1,1,0,1.0,3,2,0,2841.0,38.0,0.15851066,0.6666667,0.33333334,0.33333334,0.53846157,0.46153846,0.07692308,0.83416045
0042500404,4,105,104,2,1,1,3,1,2,3,1,1,7,1,1,0,0.0,3,2,0,2841.0,38.0,0.15851066,0.6666667,0.33333334,0.33333334,0.53846157,0.46153846,0.07692308,0.8056273
0042500404,4,105,104,2,1,1,3,1,2,3,1,1,7,1,1,0,0.0,3,2,0,2841.0,38.0,0.15851066,0.6666667,0.33333334,0.33333334,0.53846157,0.46153846,0.07692308,0.8056273
0042500404,4,105,104,2,1,1,3,1,2,3,1,1,7,1,1,0,0.0,3,2,0,2841.0,38.0,0.15851066,0.6666667,0.33333334,0.33333334,0.53846157,0.46153846,0.07692308,0.8056273
0042500404,4,105,104,2,1,1,3,1,2,3,1,1,7,1,1,0,0.0,3,1,0,2841.0,38.0,0.15851066,0.6666667,0.33333334,0.33333334,0.53846157,0.46153846,0.07692308,0.84972924
0042500404,4,105,104,2,1,1,3,1,2,3,1,1,7,1,1,0,0.0,3,1,0,2848.0,32.0,0.17407766,0.6666667,0.33333334,0.33333334,0.53846157,0.46153846,0.07692308,0.8545983
0042500404,4,105,104,2,1,1,3,1,2,3,1,1,7,1,1,0,0.0,3,1,0,2849.0,30.0,0.1787425,0.6666667,0.33333334,0.33333334,0.53846157,0.46153846,0.07692308,0.8560342
0042500404,4,105,104,2,1,1,3,1,2,3,1,1,8,1,1,0,0.0,3,1,0,2849.0,30.0,0.1787425,0.6666667,0.33333334,0.33333334,0.53846157,0.46153846,0.07692308,0.8561618
0042500404,4,105,105,2,1,1,3,1,2,3,1,0,8,1,1,0,0.0,3,1,0,2849.0,30.0,0.0,0.6666667,0.33333334,0.33333334,0.53846157,0.46153846,0.07692308,0.7468594
0042500404,4,105,105,2,1,1,3,1,2,3,1,0,8,1,1,0,0.0,3,1,0,2849.0,30.0,0.0,0.6666667,0.33333334,0.33333334,0.53846157,0.46153846,0.07692308,0.7468594
0042500404,4,105,106,2,1,1,3,1,2,3,1,-1,8,1,1,0,1.0,3,1,0,2849.0,30.0,-0.1787425,0.6666667,0.33333334,0.33333334,0.53846157,0.46153846,0.07692308,0.57654434
0042500404,4,105,106,2,1,1,3,1,2,3,1,-1,8,1,1,0,1.0,2,1,0,2849.0,30.0,-0.1787425,0.6666667,0.33333334,0.33333334,0.53846157,0.46153846,0.07692308,0.4356029
0042500404,4,105,106,2,1,1,3,1,2,3,1,-1,8,1,1,0,1.0,2,1,0,2849.0,30.0,-0.1787425,0.6666667,0.33333334,0.33333334,0.53846157,0.46153846,0.07692308,0.4356029
0042500404,4,105,106,2,1,1,3,1,2,3,1,-1,8,1,1,0,1.0,2,1,0,2849.0,30.0,-0.1787425,0.6666667,0.33333334,0.33333334,0.53846157,0.46153846,0.07692308,0.4356029
0042500404,4,105,106,2,1,1,3,1,2,3,1,-1,8,1,1,0,1.0,2,1,0,2863.0,16.0,-0.24182542,0.6666667,0.33333334,0.33333334,0.53846157,0.46153846,0.07692308,0.36504424
0042500404,4,105,106,2,1,1,3,1,2,3,1,-1,8,1,1,0,0.0,2,1,0,2866.0,13.0,-0.26261288,0.6666667,0.33333334,0.33333334,0.53846157,0.46153846,0.07692308,0.29554665
0042500404,4,105,106,2,1,1,3,1,2,3,1,-1,8,1,1,0,0.0,2,1,0,2868.0,11.0,-0.2874798,0.6666667,0.33333334,0.33333334,0.53846157,0.46153846,0.07692308,0.2729678
0042500404,4,105,106,2,1,1,3,1,2,3,1,-1,8,1,1,0,0.0,2,1,0,2868.0,11.0,-0.2874798,0.6666667,0.33333334,0.33333334,0.53846157,0.46153846,0.07692308,0.2729678
0042500404,4,105,106,2,1,1,3,1,2,3,1,-1,8,1,1,0,1.0,2,1,0,2869.0,10.0,-0.30015013,0.6666667,0.33333334,0.33333334,0.53846157,0.46153846,0.07692308,0.30674645
0042500404,4,105,106,2,1,1,3,1,2,3,1,-1,8,2,1,0,1.0,2,1,0,2874.0,5.0,-0.3863337,0.6666667,0.33333334,0.33333334,0.53846157,0.46153846,0.07692308,0.22270623
0042500404,4,105,106,2,1,1,3,1,2,3,1,-1,8,2,1,0,1.0,1,1,0,2874.0,5.0,-0.3863337,0.6666667,0.33333334,0.33333334,0.53846157,0.46153846,0.07692308,0.16867375
0042500404,4,105,106,2,1,1,3,1,2,3,1,-1,8,2,1,0,1.0,1,1,0,2874.0,5.0,-0.3863337,0.6666667,0.33333334,0.33333334,0.53846157,0.46153846,0.07692308,0.16867375
0042500404,4,105,106,2,1,1,3,1,2,3,1,-1,8,2,1,0,1.0,1,1,0,2874.0,5.0,-0.3863337,0.6666667,0.33333334,0.33333334,0.53846157,0.46153846,0.07692308,0.16867375
0042500404,4,105,106,2,1,1,3,1,2,3,1,-1,8,2,1,0,1.0,1,1,0,2875.0,4.0,-0.43033147,0.6666667,0.33333334,0.33333334,0.53846157,0.46153846,0.07692308,0.15004247
0042500404,4,105,106,2,1,1,3,1,2,3,1,-1,8,2,1,0,1.0,1,1,0,2877.0,2.0,-0.55048186,0.6666667,0.33333334,0.33333334,0.53846157,0.46153846,0.07692308,0.1088186
0042500404,4,107,106,2,1,1,3,1,2,3,1,1,8,2,1,0,0.0,1,1,0,2877.0,2.0,0.5679618,0.6666667,0.33333334,0.33333334,0.53846157,0.46153846,0.07692308,0.90121585
0042500404,4,107,106,2,1,1,3,1,2,3,1,1,8,2,1,0,0.0,1,0,0,2878.0,1.0,0.6741999,0.6666667,0.33333334,0.33333334,0.53846157,0.46153846,0.07692308,0.9395754
0042500404,4,107,106,2,1,1,3,1,2,3,1,1,8,2,1,0,0.0,1,0,0,2878.0,1.0,0.6741999,0.6666667,0.33333334,0.33333334,0.53846157,0.46153846,0.07692308,0.9395754
0042500404,4,107,106,2,1,1,3,1,2,3,1,1,8,2,1,0,0.0,1,0,0,2878.0,1.0,0.6741999,0.6666667,0.33333334,0.33333334,0.53846157,0.46153846,0.07692308,0.9395754
0042500404,4,107,106,2,1,1,3,1,2,3,1,1,8,2,1,0,0.0,1,0,0,2880.0,0.0,1.0,0.6666667,0.33333334,0.33333334,0.53846157,0.46153846,0.07692308,0.9701909
